,mu1,mu2,sigma1,sigma2,pi1,pi2
0,0.011591172,0.0025950968,0.0072038174,0.01669997,0.4971168,0.5028832
1,0.010954833,0.0029569566,0.0071766973,0.016617358,0.49670243,0.50329757
2,0.010854578,0.0030234158,0.0071768165,0.016611278,0.4968711,0.5031289
3,0.010940408,0.0028648973,0.0072023273,0.016671836,0.4971745,0.50282544
4,0.010787105,0.0031532347,0.0071631074,0.016587377,0.49704638,0.50295365
5,0.011218762,0.003122896,0.0071465373,0.016569972,0.49725297,0.50274706
6,0.011108493,0.003109932,0.0071517825,0.016578019,0.49711862,0.50288135
7,0.010982489,0.003130585,0.0071542263,0.016575992,0.4970129,0.5029871
8,0.01153872,0.003435433,0.0070768,0.016434252,0.49711415,0.5028858
9,0.011412596,0.0035344362,0.007065773,0.016406715,0.4969676,0.5030324
10,0.0118176695,0.0036030114,0.0070340633,0.01635468,0.49707478,0.5029252
11,0.011347508,0.0032776594,0.007108867,0.016493857,0.4969584,0.5030416
12,0.011439061,0.0028692782,0.0071709156,0.016626358,0.49715087,0.5028491
13,0.011128044,0.003029883,0.007159412,0.016590655,0.496922,0.503078
14,0.011290645,0.0027561188,0.0071973205,0.016674936,0.49713856,0.50286144
15,0.010921573,0.0031666458,0.007148981,0.016560316,0.49684268,0.5031573
16,0.010743117,0.0034374893,0.0071183443,0.016487718,0.4968457,0.5031543
17,0.011016702,0.0033170283,0.0071280003,0.016521156,0.4972002,0.50279987
18,0.011149382,0.0034485161,0.0070987344,0.016469121,0.49719045,0.5028095
19,0.011486387,0.0031805336,0.0071223974,0.016532063,0.4973073,0.5026927
20,0.011493539,0.0033002496,0.007098198,0.016480505,0.497057,0.502943
21,0.011470413,0.00320974,0.0071126223,0.016506135,0.4969836,0.50301635
22,0.011584377,0.003369689,0.0070809126,0.016442358,0.49694782,0.5030522
23,0.011099553,0.003466487,0.007091224,0.016444385,0.49677625,0.5032237
24,0.011549091,0.0034781694,0.007070005,0.016417563,0.49709976,0.5029003
25,0.011219835,0.0032132864,0.0071287155,0.016531706,0.49707493,0.50292504
26,0.010965442,0.002884686,0.007195294,0.01666087,0.4970942,0.5029058
27,0.010745024,0.0031454563,0.0071647167,0.016587853,0.49694043,0.50305957
28,0.010861611,0.003337413,0.0071303844,0.016520023,0.49703512,0.5029649
29,0.0109678265,0.0038435757,0.007044971,0.016346812,0.49697664,0.5030233
30,0.0110789295,0.004065454,0.0070056915,0.016269684,0.49702618,0.5029738
31,0.011075472,0.004278779,0.006972909,0.016202092,0.49700347,0.5029965
32,0.011444187,0.0042591095,0.0069580674,0.01618588,0.49717894,0.5028211
33,0.011263108,0.004055321,0.0069972277,0.016262352,0.49709573,0.50290424
34,0.011248684,0.004397005,0.006942928,0.016145706,0.49690557,0.5030944
35,0.011697268,0.0043624043,0.006926894,0.016128004,0.49711508,0.5028849
36,0.0117407795,0.0043804348,0.006919563,0.016115546,0.49703318,0.5029669
37,0.011626815,0.004173547,0.006956458,0.01618731,0.49698424,0.5030157
38,0.011619544,0.004042506,0.0069770217,0.016229153,0.49699333,0.5030067
39,0.011710977,0.0037109852,0.0070244074,0.01633209,0.49711168,0.5028883
40,0.0108089205,0.0040330887,0.0070177317,0.016282618,0.4966154,0.5033846
41,0.011570191,0.0035728812,0.0070584416,0.01639551,0.49729708,0.50270295
42,0.011381602,0.0037072897,0.0070429444,0.016361296,0.49707854,0.50292146
43,0.011616563,0.0034977794,0.0070629716,0.01641053,0.49714985,0.5028502
44,0.011527872,0.0031290054,0.007124305,0.016535163,0.49712554,0.5028745
45,0.011617517,0.0030798018,0.007125318,0.016538858,0.49705335,0.5029467
46,0.011478638,0.0030620992,0.00713408,0.016549885,0.49693552,0.50306445
47,0.011257743,0.0030801892,0.0071436167,0.0165596,0.4968798,0.50312024
48,0.01127932,0.0030263662,0.0071535707,0.016581655,0.49701414,0.50298584
49,0.01149044,0.0030069053,0.0071462393,0.016576767,0.49713665,0.50286335
50,0.010463333,0.0027139187,0.007246971,0.016747773,0.49685156,0.50314844
51,0.011059498,0.0029034019,0.007189095,0.016648948,0.497173,0.502827
52,0.011058068,0.0028928518,0.007190168,0.01665467,0.49717897,0.502821
53,0.011266446,0.0029887557,0.0071621537,0.016604066,0.49714985,0.5028501
54,0.011989331,0.002673328,0.007173419,0.016655803,0.4974051,0.5025949
55,0.011485076,0.0028373003,0.007166147,0.016619802,0.49686158,0.5031384
56,0.0115658995,0.0026711822,0.007190168,0.016667366,0.49694067,0.5030593
57,0.0113659855,0.00246495,0.0072352886,0.01675415,0.49698442,0.5030155
58,0.011260128,0.0023831725,0.007255137,0.016792,0.49701712,0.5029829
59,0.010814285,0.0027608573,0.0072177052,0.016696453,0.49678132,0.50321865
60,0.010686612,0.0024047196,0.0072883964,0.016839445,0.49709693,0.5029031
61,0.01056168,0.0026310086,0.007259369,0.016777813,0.4970877,0.50291234
62,0.01084969,0.0026482642,0.007242799,0.016756177,0.49725953,0.5027405
63,0.01097033,0.0027407706,0.0072194934,0.016713798,0.4972081,0.5027919
64,0.011333322,0.0033272207,0.0071033835,0.016483545,0.49703264,0.50296736
65,0.011519885,0.0031280816,0.0071254373,0.01653558,0.49713168,0.5028683
66,0.011360383,0.0032503605,0.007112086,0.01650083,0.49694607,0.50305396
67,0.011517977,0.0032306612,0.0071077943,0.01649636,0.4970225,0.5029775
68,0.01145575,0.0032850504,0.007101953,0.016482174,0.49697405,0.50302595
69,0.011312341,0.0028910637,0.007173717,0.016627014,0.49708468,0.5029154
70,0.011397934,0.002703309,0.007199168,0.016684413,0.49715692,0.50284314
71,0.011504268,0.0023232996,0.007253766,0.016803145,0.49723646,0.5027635
72,0.010816669,0.0027205646,0.0072218776,0.01670748,0.49671826,0.5032817
73,0.0113118645,0.0026304722,0.007215798,0.016711056,0.49711505,0.502885
74,0.011193847,0.0025756955,0.0072305202,0.016741157,0.49711165,0.5028883
75,0.010771966,0.0029749274,0.007187128,0.016633391,0.49681222,0.5031878
76,0.01114068,0.002759099,0.0072073936,0.016689777,0.4972002,0.50279987
77,0.01044569,0.0032370687,0.0071651936,0.016577244,0.49679542,0.5032046
78,0.010563349,0.0034312606,0.0071332455,0.016513705,0.49700597,0.502994
79,0.010939216,0.0035603642,0.0070956945,0.016453743,0.49725208,0.5027479
80,0.011136984,0.0038320124,0.0070400834,0.016347587,0.49716973,0.5028302
81,0.011633372,0.0040924847,0.0069712996,0.016221464,0.49715015,0.5028498
82,0.01135776,0.0037966967,0.007029712,0.016332269,0.49702668,0.5029733
83,0.011585092,0.0039723217,0.0069895387,0.016254127,0.49699053,0.5030095
84,0.011839366,0.003998965,0.0069717765,0.016225934,0.4970344,0.50296557
85,0.011584973,0.0036800504,0.007033944,0.016346514,0.4969893,0.50301063
86,0.011511898,0.0039325655,0.006997168,0.016265333,0.49685127,0.50314873
87,0.011350846,0.0034257174,0.007088363,0.016450226,0.49705663,0.5029434
88,0.011236405,0.0031395257,0.0071403384,0.016556442,0.49712688,0.50287306
89,0.011188244,0.0032163262,0.007129371,0.016531706,0.4970394,0.50296056
90,0.011374449,0.003115356,0.007136047,0.01655227,0.49713168,0.5028683
91,0.011456704,0.003154546,0.0071237683,0.016530037,0.49707675,0.50292325
92,0.011111831,0.003240019,0.0071270466,0.01652193,0.49687666,0.50312334
93,0.011309003,0.003145486,0.007134557,0.016544223,0.49707493,0.50292504
94,0.012282705,0.002558887,0.0071778297,0.016676247,0.49759173,0.50240827
95,0.011337733,0.002673328,0.00719887,0.016683757,0.49680412,0.5031959
96,0.010967946,0.002622664,0.0072291493,0.01672417,0.4967249,0.5032751
97,0.010848021,0.0027812421,0.007215202,0.016690314,0.49687868,0.5031213
98,0.01088283,0.0029134154,0.0071959496,0.016655028,0.49706218,0.5029378
99,0.010746932,0.0029924512,0.007191658,0.016644299,0.49708828,0.5029117
100,0.010696268,0.0032802522,0.007148683,0.01655382,0.497036,0.502964
101,0.010964965,0.0033887923,0.0071187615,0.016502738,0.4971726,0.5028274
102,0.011003112,0.0031979084,0.0071468353,0.016564488,0.4972296,0.5027704
103,0.011149859,0.0032766163,0.0071243644,0.016522527,0.49715358,0.5028464
104,0.011408662,0.0043725967,0.0069347024,0.016132176,0.49676526,0.50323474
105,0.011480188,0.0043154955,0.006943047,0.016150534,0.49692503,0.50307494
106,0.01154623,0.0039930046,0.006991744,0.016257703,0.49713218,0.5028678
107,0.011573171,0.0036925972,0.0070361495,0.016353786,0.49717283,0.50282717
108,0.011418557,0.0036728978,0.0070444345,0.016364336,0.49699336,0.50300664
109,0.011468744,0.0035527945,0.0070608854,0.016398668,0.4970232,0.50297683
110,0.011438822,0.0033303797,0.0070977807,0.016474605,0.49707037,0.5029296
111,0.011488652,0.0032859445,0.007101357,0.016483724,0.49705592,0.5029441
112,0.011266684,0.0034929216,0.0070788264,0.01642692,0.49686664,0.50313336
113,0.011511898,0.0034453273,0.0070759654,0.016429603,0.49705416,0.50294584
114,0.011350846,0.0030377507,0.0071495175,0.016579688,0.49713773,0.5028623
115,0.011149263,0.0028906167,0.0071825385,0.01664102,0.49705777,0.5029422
116,0.010770893,0.0032444596,0.0071451664,0.016546309,0.49680594,0.50319403
117,0.011554455,0.003116876,0.0071291924,0.01654321,0.49729678,0.5027032
118,0.011284089,0.0030798018,0.007145524,0.016570807,0.49709114,0.5029088
119,0.011321759,0.0030327737,0.007150054,0.01657939,0.49704856,0.50295144
120,0.011262512,0.0031166375,0.0071392655,0.016553342,0.49697536,0.50302464
121,0.011333322,0.0031566322,0.007130027,0.016536117,0.49701822,0.5029818
122,0.011628723,0.0026666224,0.0071941614,0.01668322,0.49729937,0.5027006
123,0.010860061,0.0030424595,0.0071692467,0.016601086,0.49673668,0.50326335
124,0.011722779,0.0027688146,0.0071730614,0.01663959,0.49728593,0.50271404
125,0.011236047,0.0028392076,0.007183194,0.01664555,0.49696395,0.503036
126,0.010899281,0.0025176704,0.0072547793,0.016778886,0.49698213,0.50301784
127,0.011078453,0.0028654635,0.007190287,0.016651332,0.4970094,0.5029906
128,0.011616444,0.0025582314,0.007213056,0.016722083,0.4973539,0.5026461
129,0.010894036,0.0028280318,0.0072023273,0.016672313,0.49682477,0.5031752
130,0.011039829,0.002740115,0.007212639,0.016695619,0.49702373,0.50297624
131,0.01107428,0.002726674,0.007214308,0.016702712,0.4971179,0.50288206
132,0.010883426,0.0033587515,0.0071214437,0.016501486,0.4968355,0.50316447
133,0.010815358,0.0030389726,0.0071808696,0.016622841,0.4970968,0.5029032
134,0.010929083,0.0036403835,0.0070786476,0.016415894,0.4969939,0.5030061
135,0.0111398455,0.003596723,0.007076323,0.016420126,0.49715856,0.5028414
136,0.011134481,0.0035676658,0.007080078,0.016429484,0.4971327,0.5028673
137,0.010957932,0.003737837,0.0070610046,0.016381681,0.49696425,0.5030357
138,0.011586523,0.0041612685,0.006962836,0.016198575,0.49707732,0.5029227
139,0.011510229,0.0038964748,0.007007301,0.016290367,0.4970951,0.50290495
140,0.011634445,0.0038285255,0.0070100427,0.016300201,0.49707624,0.5029238
141,0.011543727,0.00396049,0.006992042,0.016257644,0.49691147,0.50308853
142,0.011480784,0.003625363,0.0070493817,0.01637423,0.49702683,0.50297314
143,0.011523819,0.0035116076,0.0070649385,0.016409278,0.49706894,0.50293106
144,0.011450743,0.0032572448,0.0071085095,0.01649785,0.49708316,0.5029168
145,0.011467075,0.0032251477,0.007111609,0.016504347,0.49703953,0.50296044
146,0.011297202,0.003267765,0.0071130395,0.016499698,0.49693453,0.50306547
147,0.011200881,0.0030326843,0.007157564,0.01658851,0.49704012,0.5029599
148,0.0113352295,0.0029714704,0.007160723,0.016601622,0.49713045,0.50286955
149,0.011161661,0.0030640364,0.0071535707,0.016580224,0.49699044,0.50300956
150,0.011185026,0.0031546652,0.00713861,0.016548753,0.49699777,0.5030022
151,0.011289334,0.0029423237,0.007168472,0.016616106,0.4971526,0.50284743
152,0.01121459,0.0029355884,0.0071721077,0.01662165,0.4970766,0.5029234
153,0.012019133,0.0024476945,0.007208407,0.016729236,0.4974713,0.50252867
154,0.011411047,0.0025577545,0.007214606,0.016718388,0.4968879,0.5031121
155,0.010907149,0.0028571486,0.0071936846,0.016647696,0.49660945,0.50339055
156,0.011144375,0.0026873052,0.007216096,0.016703427,0.49705493,0.502945
157,0.0109274145,0.0027574897,0.007217169,0.016702354,0.49705875,0.50294125
158,0.011826491,0.0022975802,0.0072454214,0.016799688,0.49756145,0.50243855
159,0.011233186,0.0021709502,0.0072894096,0.0168702,0.49706188,0.5029381
160,0.01103518,0.0020671785,0.00731647,0.016912222,0.4969361,0.50306386
161,0.010547971,0.002507031,0.0072722435,0.01679802,0.4967063,0.50329375
162,0.011048054,0.0023990571,0.0072702765,0.016814351,0.49721283,0.5027872
163,0.0113864895,0.003010869,0.007151127,0.01658392,0.4971145,0.50288546
164,0.011138177,0.0029877126,0.0071667433,0.016606927,0.4969889,0.5030111
165,0.010853386,0.0025444925,0.0072554946,0.016780734,0.49709576,0.5029042
166,0.010841822,0.0026223063,0.007243991,0.016756833,0.49709982,0.50290024
167,0.010617947,0.0027695894,0.007232368,0.016723573,0.49700326,0.50299674
168,0.0110065695,0.0036836565,0.0070661306,0.016390383,0.4969125,0.50308746
169,0.011221623,0.0038567781,0.0070299506,0.016324282,0.49705368,0.5029463
170,0.011728143,0.003560394,0.007050991,0.01639092,0.49734733,0.5026527
171,0.0110527035,0.0032750964,0.0071267486,0.016524494,0.49700138,0.50299865
172,0.011397934,0.0034024715,0.007088721,0.016454041,0.4970502,0.5029498
173,0.011590576,0.0034506917,0.0070703626,0.016422868,0.49706784,0.50293213
174,0.010935878,0.0037695765,0.007052183,0.016358316,0.49668708,0.5033129
175,0.011195755,0.00384444,0.007032335,0.016325176,0.49697858,0.5030214
176,0.011279678,0.0038775802,0.0070242286,0.016315699,0.49710542,0.5028946
177,0.011297202,0.0036630034,0.0070568323,0.016386867,0.49717134,0.50282866
178,0.011087632,0.0035060048,0.007090986,0.016450465,0.49707395,0.50292605
179,0.011146521,0.0034966469,0.0070892572,0.016447484,0.49707165,0.5029284
180,0.011482095,0.0038956702,0.0070077777,0.016288877,0.49702245,0.5029776
181,0.011486864,0.0037926435,0.0070234537,0.01632154,0.4970338,0.50296617
182,0.011756515,0.0036949217,0.007024348,0.0163337,0.4971194,0.5028806
183,0.01169393,0.0037709475,0.0070129037,0.016307056,0.49695626,0.5030437
184,0.011537051,0.0031740367,0.007116437,0.016516626,0.49708357,0.50291646
185,0.011349892,0.0030232072,0.0071493387,0.016578138,0.49701622,0.5029838
186,0.011108255,0.0031220615,0.00714612,0.016560674,0.49689707,0.50310296
187,0.011220908,0.0031995475,0.007130146,0.016531289,0.49701267,0.5029873
188,0.010995483,0.003265828,0.0071321726,0.016528428,0.49697435,0.5030256
189,0.010901308,0.0033525825,0.0071249604,0.016510367,0.49700484,0.5029952
190,0.010944342,0.0034132004,0.0071147084,0.01649195,0.49708986,0.50291014
191,0.011020159,0.0034778714,0.0071007013,0.016467035,0.4971244,0.5028756
192,0.0109655615,0.0038593411,0.0070419908,0.016342044,0.49695975,0.50304025
193,0.011348819,0.003819406,0.0070302486,0.016331732,0.49716946,0.5028305
194,0.011591768,0.003902346,0.0070025325,0.016284406,0.4971443,0.5028557
195,0.011515593,0.003991604,0.0069897175,0.016253293,0.49696037,0.50303966
196,0.011484599,0.0038617253,0.00701195,0.016296744,0.4969763,0.5030237
197,0.01167438,0.0037470162,0.007020533,0.016322017,0.4970816,0.5029184
198,0.011495924,0.0036168694,0.0070488453,0.016374826,0.49699673,0.5030033
199,0.011360383,0.003492713,0.007075608,0.016424537,0.49697658,0.5030234
200,0.011353111,0.00341478,0.007089138,0.016452372,0.49702582,0.5029742
201,0.01132009,0.0033871531,0.007095337,0.01646465,0.49703184,0.5029682
202,0.011187172,0.0031558573,0.007139683,0.016552567,0.49707296,0.502927
203,0.0109934565,0.0034026802,0.007109821,0.016482353,0.4969196,0.50308037
204,0.011500692,0.0033380985,0.007096052,0.016473055,0.49720496,0.5027951
205,0.011221742,0.0033280551,0.0071095824,0.016492665,0.49702275,0.50297725
206,0.011536455,0.0030696392,0.007134855,0.016556382,0.49719936,0.50280064
207,0.0113682505,0.0032008588,0.0071195364,0.016517818,0.49697232,0.5030277
208,0.0109786745,0.0034246743,0.007104397,0.016468108,0.49676692,0.5032331
209,0.011409616,0.0032177567,0.007119775,0.016516984,0.49717647,0.50282353
210,0.011208748,0.0032663047,0.0071207285,0.016514778,0.4970541,0.50294584
211,0.011171913,0.0032846034,0.007119596,0.01651007,0.49702245,0.50297755
212,0.011245107,0.003277868,0.007117331,0.016508222,0.4970707,0.5029293
213,0.010969734,0.0031839013,0.0071467757,0.016559422,0.49700892,0.502991
214,0.011195635,0.0034193397,0.0070981383,0.016465902,0.4970502,0.5029498
215,0.011259651,0.0033692122,0.007103026,0.016479492,0.49710345,0.50289655
216,0.011375165,0.003643185,0.007052183,0.016377509,0.49700928,0.5029907
217,0.011646604,0.003441155,0.0070703626,0.016425848,0.4971594,0.5028406
218,0.011344766,0.0030643344,0.0071442127,0.016569316,0.4970786,0.50292146
219,0.011394119,0.0032259822,0.0071145296,0.01650691,0.49697426,0.5030257
220,0.01153419,0.0030810833,0.0071309805,0.016546011,0.49707848,0.5029215
221,0.011673784,0.0028032959,0.007167399,0.016628504,0.49716946,0.5028305
222,0.010981178,0.00307104,0.0071576834,0.016579866,0.49672368,0.5032763
223,0.011307454,0.002783835,0.007192135,0.016662419,0.4971215,0.5028784
224,0.011035895,0.0028053224,0.007202387,0.016676903,0.49703696,0.50296307
225,0.010723686,0.0030465126,0.007180512,0.016618311,0.49688923,0.50311077
226,0.010978436,0.0029664636,0.0071839094,0.016635835,0.49716896,0.50283104
227,0.010977721,0.0032605529,0.0071356297,0.016537666,0.497072,0.502928
228,0.011172032,0.003305465,0.007118523,0.016509235,0.49713156,0.5028685
229,0.010676002,0.0036540627,0.0070875287,0.016424835,0.49681655,0.5031834
230,0.011247491,0.0037563145,0.0070459247,0.016358554,0.49715215,0.50284785
231,0.011044478,0.004361093,0.006959319,0.016172051,0.49686328,0.50313675
232,0.0113557335,0.003939718,0.007012844,0.01629579,0.4972269,0.5027731
233,0.011545515,0.0040828884,0.0069776177,0.016231835,0.49714372,0.5028563
234,0.01181457,0.0038967133,0.006990671,0.016268194,0.49716178,0.5028382
235,0.01159594,0.0036049187,0.007044852,0.016371965,0.4970171,0.5029829
236,0.011540508,0.0037214756,0.0070281625,0.016331553,0.49688283,0.5031172
237,0.011328911,0.003807336,0.0070266724,0.016318738,0.49682772,0.5031723
238,0.011385893,0.003924072,0.007008016,0.0162822,0.4969378,0.50306225
239,0.011138534,0.0035587847,0.0070806146,0.016427398,0.4970723,0.5029277
240,0.011280393,0.0035793483,0.007070005,0.016412377,0.49713117,0.5028689
241,0.011308765,0.0030968487,0.0071449876,0.016571522,0.49725738,0.50274265
242,0.010822868,0.0035421848,0.007095456,0.016447723,0.49680153,0.5031985
243,0.011012649,0.0037735403,0.00705266,0.016362011,0.49693495,0.503065
244,0.0115767475,0.0038686395,0.0070106387,0.016298234,0.4972126,0.5027874
245,0.011579251,0.0038855076,0.007004738,0.0162884,0.497095,0.502905
246,0.011446929,0.0038144886,0.0070209503,0.016315639,0.4969739,0.50302607
247,0.011457181,0.0035404265,0.0070643425,0.016405702,0.49706396,0.50293607
248,0.011454558,0.0033707023,0.007090807,0.016461253,0.49708274,0.50291723
249,0.011373138,0.003335476,0.0070995092,0.016475677,0.49700928,0.5029907
250,0.011355495,0.003415525,0.0070875883,0.016448855,0.4969656,0.5030344
251,0.011835789,0.0033873916,0.00706774,0.016425967,0.49715883,0.5028411
252,0.010904646,0.0032882094,0.0071294904,0.016519845,0.49677417,0.5032258
253,0.010737514,0.0032534301,0.0071485043,0.016550303,0.496909,0.50309104
254,0.010878896,0.0035847127,0.007091403,0.01643902,0.49703443,0.50296557
255,0.010738229,0.003930807,0.0070449114,0.016338885,0.4969712,0.5030288
256,0.0109786745,0.0039532483,0.0070314407,0.016321301,0.4971683,0.50283176
257,0.011143779,0.004097879,0.0069990754,0.016262114,0.497158,0.502842
258,0.011479234,0.004154384,0.0069712996,0.016216457,0.49717402,0.502826
259,0.011222815,0.0044134557,0.006940961,0.016141534,0.49687022,0.5031298
260,0.011257386,0.00458771,0.006913841,0.016082942,0.49688286,0.50311714
261,0.01200912,0.0047177672,0.0068573356,0.015993714,0.49717787,0.50282216
262,0.011237239,0.0047286153,0.006891072,0.016037345,0.49677935,0.5032206
263,0.011651015,0.0043636262,0.0069301724,0.016132832,0.49714804,0.50285196
264,0.011350011,0.0043932796,0.0069385767,0.016141534,0.4969622,0.5030378
265,0.01102457,0.0043830276,0.0069574714,0.016166806,0.4968704,0.50312966
266,0.011320686,0.0044209957,0.0069391727,0.016139686,0.49708003,0.50292
267,0.011548853,0.004405558,0.0069292784,0.01613003,0.4971529,0.5028471
268,0.011695242,0.004505843,0.006903589,0.016081572,0.49705032,0.50294966
269,0.011024451,0.0046269596,0.0069172382,0.016082704,0.49670455,0.5032954
270,0.011796093,0.004083276,0.0069680214,0.01621753,0.4973355,0.5026645
271,0.012342429,0.0039141774,0.0069613457,0.016229033,0.49737304,0.50262696
272,0.011728143,0.0035005808,0.0070507526,0.016390562,0.4969317,0.50306827
273,0.011900997,0.0034655035,0.0070466995,0.016382396,0.49690396,0.50309604
274,0.012835955,0.0024477541,0.0071614385,0.016660035,0.49754074,0.5024592
275,0.013820147,0.0005829334,0.007404983,0.017214656,0.49802983,0.5019702
276,0.011022305,0.0009971261,0.007466376,0.01722169,0.49599144,0.50400853
277,0.01164875,0.00049862266,0.0075306892,0.017362595,0.49678057,0.5032194
278,0.012844538,-0.0009406507,0.007716596,0.017810881,0.49793655,0.50206345
279,0.009715294,-0.00095793605,0.007882774,0.01802814,0.4963178,0.50368226
280,0.009308791,-0.00041759014,0.007825255,0.017878175,0.49648377,0.5035162
281,0.009518122,0.00012636185,0.007733643,0.017705739,0.4970977,0.5029023
282,0.008534407,0.00067707896,0.0077000856,0.017606616,0.4969816,0.5030184
283,0.008321619,0.0012550056,0.0076223016,0.01744163,0.4971924,0.5028076
284,0.009485578,0.0023981035,0.007371247,0.016975522,0.49755484,0.50244516
285,0.011260843,0.004154414,0.006989658,0.016253293,0.49749258,0.50250745
286,0.011097049,0.003286153,0.0071305633,0.016542435,0.49744365,0.5025564
287,0.011312818,0.0036297739,0.0070580244,0.016393304,0.4970734,0.5029266
288,0.011857605,0.0058602095,0.0066815615,0.015614331,0.49633425,0.50366575
289,0.011497235,0.0055454373,0.006754577,0.01575166,0.49663243,0.50336754
290,0.01228044,0.004499525,0.0068819523,0.016055703,0.49753666,0.50246334
291,0.012392854,0.004049003,0.0069376826,0.01618433,0.4973816,0.5026184
292,0.012396073,0.002909124,0.0071102977,0.016543686,0.4973412,0.5026588
293,0.011293983,0.0024960935,0.00722754,0.016739726,0.49671486,0.50328517
294,0.0108653065,0.0027852952,0.007206917,0.016671062,0.49656463,0.5034354
295,0.011213278,0.0031161606,0.007142782,0.016551197,0.49692255,0.50307745
296,0.0113790985,0.003362894,0.0070968866,0.016467571,0.49706593,0.50293404
297,0.011011338,0.003464818,0.007099569,0.016462088,0.49693924,0.50306076
298,0.0097568985,0.0033747256,0.0071828365,0.016587138,0.4966889,0.5033111
299,0.01022551,0.0028760135,0.007249117,0.01674527,0.49744105,0.502559
300,0.011059618,0.0033938289,0.007118702,0.01651287,0.49751914,0.5024808
301,0.0117048975,0.003771156,0.007018149,0.016326606,0.49730372,0.5026963
302,0.012145614,0.004325539,0.006902337,0.016095042,0.49694565,0.5030544
303,0.011984086,0.004096031,0.0069446564,0.016173124,0.49683586,0.5031642
304,0.012503242,0.0030436516,0.0070855618,0.016488135,0.49736452,0.5026355
305,0.011747455,0.002970457,0.0071291327,0.016550899,0.49681166,0.5031884
306,0.011841869,0.0027977228,0.0071532726,0.016599417,0.49689388,0.5031062
307,0.01279447,0.0016105175,0.007297516,0.016941905,0.49764702,0.502353
308,0.012178158,6.401539e-05,0.0075793266,0.017509937,0.49747708,0.50252295
309,0.009734487,0.0009661913,0.0075514317,0.017341018,0.4959042,0.50409573
310,0.0115710255,0.00041678548,0.00756377,0.017432809,0.497441,0.50255907
311,0.0108089205,0.0006416142,0.007563174,0.017414927,0.49707165,0.5029284
312,0.009705996,0.0010864437,0.007549703,0.017338812,0.49659792,0.5034021
313,0.011114573,0.00016722083,0.00764066,0.017587781,0.49785602,0.502144
314,0.009799695,0.0013383627,0.0075030327,0.017256081,0.49670142,0.5032986
315,0.009543395,0.0016074181,0.007480383,0.017190158,0.49682185,0.5031781
316,0.009608602,0.0020354092,0.0074138045,0.01705867,0.49712786,0.5028721
317,0.011824584,0.0024747252,0.007225454,0.016761422,0.49792555,0.5020745
318,0.011483526,0.0035974383,0.0070481896,0.016380906,0.496882,0.503118
319,0.010010218,0.0029130876,0.0072372556,0.016708314,0.49657527,0.5034247
320,0.01152668,0.0034750402,0.007075846,0.01642847,0.49727526,0.50272477
321,0.010963773,0.0039955676,0.0070189238,0.016293883,0.49685028,0.50314975
322,0.011126613,0.0032908022,0.0071265697,0.016524196,0.4972666,0.5027334
323,0.01134119,0.0046215057,0.006901324,0.016061962,0.49678582,0.5032141
324,0.010801053,0.004414916,0.006964445,0.016171694,0.49680007,0.50319993
325,0.010938978,0.003980309,0.0070310235,0.01631856,0.49722654,0.50277346
326,0.011250472,0.0035967529,0.007074833,0.016426682,0.49743876,0.5025612
327,0.01237092,0.004316777,0.0068971515,0.016096175,0.49728003,0.50272
328,0.012092924,0.004131913,0.006933272,0.016157925,0.49689725,0.5031028
329,0.012394762,0.0028336942,0.007123232,0.016564071,0.4973325,0.5026674
330,0.0119246,0.003117621,0.0070948005,0.016484737,0.4967481,0.5032519
331,0.011107897,0.0030124485,0.0071564317,0.016575456,0.49653798,0.503462
332,0.011383032,0.003105998,0.0071344376,0.016540289,0.49693152,0.5030685
333,0.011446809,0.0024538934,0.0072394013,0.01676929,0.4973334,0.50266653
334,0.0105798,0.002096057,0.0073411465,0.016950488,0.49703938,0.5029606
335,0.011018371,0.0017821789,0.0073714852,0.017029226,0.49734163,0.50265837
336,0.011008596,0.001992792,0.0073335767,0.016950846,0.4971353,0.5028647
337,0.0104808565,0.0028162003,0.0072253942,0.016700149,0.49662143,0.50337857
338,0.010764217,0.0029211342,0.007201314,0.016658902,0.4970091,0.5029909
339,0.011277294,0.0035601854,0.007073462,0.016416848,0.49711987,0.50288016
340,0.010700202,0.0038521886,0.007056117,0.016360521,0.4968325,0.5031675
341,0.010336613,0.003742665,0.0070972443,0.016431928,0.49695292,0.5030471
342,0.010704493,0.0038478673,0.007065356,0.016382575,0.49725154,0.5027485
343,0.0111632105,0.004355818,0.006959796,0.016182184,0.49720848,0.5027915
344,0.011734581,0.004065573,0.0069738626,0.016233683,0.49738047,0.5026195
345,0.011698103,0.004580945,0.0068883896,0.016050875,0.49688742,0.5031126
346,0.012152528,0.004598558,0.006862521,0.016008377,0.49696758,0.50303245
347,0.011962032,0.0039232075,0.006976545,0.016240895,0.49706036,0.50293964
348,0.011413669,0.004022777,0.0069866776,0.016239703,0.49673322,0.50326675
349,0.011901593,0.0038633645,0.0069901347,0.016263962,0.49707645,0.50292355
350,0.011290764,0.0035558045,0.0070689917,0.01640886,0.49693546,0.5030646
351,0.011258101,0.003047049,0.0071540475,0.016584992,0.4971498,0.50285023
352,0.011274314,0.0029106736,0.0071739554,0.016628861,0.49715674,0.50284326
353,0.011808371,0.0024614334,0.007217109,0.016740084,0.49739817,0.50260186
354,0.0108915325,0.0032202303,0.0071356893,0.016531765,0.4965458,0.5034542
355,0.011616325,0.0027013123,0.007188916,0.016666174,0.49721867,0.50278133
356,0.010712361,0.0031802058,0.007156253,0.016566992,0.49670124,0.50329876
357,0.010944938,0.00341025,0.0071130395,0.016483247,0.49694562,0.5030544
358,0.010832047,0.0031566322,0.0071629286,0.016587973,0.49717185,0.5028281
359,0.0105423685,0.0036608875,0.007096529,0.016440153,0.49692598,0.50307405
360,0.010929322,0.0035274327,0.007101357,0.016465306,0.4972532,0.50274676
361,0.010938859,0.003825128,0.0070514083,0.01636368,0.49710527,0.50289476
362,0.01126585,0.00401932,0.007003188,0.016273797,0.49711534,0.5028847
363,0.011733508,0.0046269298,0.00688231,0.016036987,0.49698952,0.50301045
364,0.011783218,0.003927052,0.006988883,0.016262233,0.4971937,0.5028063
365,0.011816835,0.004329741,0.006919861,0.01611787,0.49689054,0.50310946
366,0.011722779,0.0037675798,0.0070135593,0.016308486,0.49702772,0.5029723
367,0.011700606,0.0034863055,0.007058382,0.016402006,0.4970666,0.50293344
368,0.01182816,0.0032854676,0.007082224,0.016456485,0.49709433,0.50290567
369,0.011310434,0.0029427707,0.0071623325,0.016603291,0.4969335,0.50306654
370,0.0117100235,0.0027016997,0.007181525,0.01665759,0.49717662,0.50282335
371,0.01120398,0.0026230812,0.007218361,0.016715705,0.4969264,0.50307363
372,0.011911368,0.0020293295,0.007279694,0.016870618,0.4974071,0.50259286
373,0.011105632,0.002036035,0.007315278,0.016914487,0.49687788,0.50312215
374,0.011670565,0.0018072724,0.0073249936,0.016952634,0.497186,0.502814
375,0.010763859,0.0019015372,0.00735569,0.016981483,0.49676216,0.50323784
376,0.010840749,0.0019061267,0.0073562264,0.016983032,0.496994,0.503006
377,0.010608768,0.002122581,0.007335484,0.016933918,0.49699596,0.503004
378,0.011003947,0.002125144,0.0073167086,0.016912937,0.49727255,0.50272745
379,0.010238146,0.0024006665,0.00731045,0.01687169,0.49687865,0.5031213
380,0.010313248,0.0029827058,0.007215917,0.016675174,0.49691114,0.5030889
381,0.010146117,0.0032957494,0.0071789026,0.016594052,0.49700496,0.5029951
382,0.01081953,0.004119605,0.0070151687,0.016281009,0.4971502,0.5028498
383,0.011436557,0.003863901,0.007023871,0.016326964,0.49746922,0.50253075
384,0.01115725,0.004638076,0.006909609,0.016076744,0.49683446,0.50316554
385,0.011477565,0.004383564,0.0069354177,0.016138077,0.497072,0.502928
386,0.011720633,0.0043676794,0.006924391,0.016125381,0.49711698,0.502883
387,0.011536455,0.0044053197,0.0069253445,0.01611948,0.4969214,0.5030786
388,0.011859154,0.0046856403,0.0068655014,0.016003668,0.4969226,0.5030774
389,0.011978364,0.0041454434,0.0069437623,0.016173601,0.49714166,0.5028584
390,0.011683201,0.0037320852,0.0070209503,0.016325295,0.4970432,0.5029568
391,0.011344528,0.0033840537,0.007092774,0.016460598,0.49696654,0.50303346
392,0.011098122,0.0033974946,0.007104218,0.016473353,0.4968987,0.50310135
393,0.011031365,0.0040363967,0.007008016,0.01626867,0.49676663,0.5032334
394,0.011309957,0.0035496652,0.007075846,0.016423523,0.4972457,0.5027543
395,0.0115664955,0.0033315122,0.0070949197,0.016478121,0.49733397,0.50266606
396,0.011744237,0.003178835,0.007104993,0.016505718,0.49720734,0.50279266
397,0.011210894,0.003153175,0.0071330667,0.016539872,0.49682903,0.50317097
398,0.011422491,0.0029788613,0.0071528554,0.01658547,0.4970333,0.5029667
399,0.011213278,0.003343463,0.0071048737,0.016477823,0.49684966,0.50315034
400,0.011159157,0.0035295188,0.0070806146,0.016424477,0.4968913,0.5031087
401,0.011066174,0.003576517,0.007080674,0.016423106,0.49698806,0.503012
402,0.010914421,0.0034858286,0.0071048737,0.016470313,0.49707025,0.5029297
403,0.010830855,0.0031214952,0.0071690083,0.016603231,0.49722397,0.502776
404,0.01110897,0.003270328,0.0071290135,0.016531229,0.4972144,0.5027856
405,0.011769509,0.0033413768,0.007080674,0.016454995,0.49729136,0.5027087
406,0.011982178,0.0034544468,0.0070462227,0.01638949,0.49707165,0.5029284
407,0.011382675,0.0034210384,0.0070798993,0.016432643,0.49672145,0.50327855
408,0.012052631,0.0031240284,0.0070962906,0.01649034,0.49717057,0.50282943
409,0.011098003,0.0031922162,0.0071318746,0.016530395,0.49671832,0.5032817
410,0.011029219,0.0030390322,0.0071651936,0.016594589,0.4969347,0.5030653
411,0.010851597,0.0029881597,0.007185638,0.016633868,0.49705204,0.5029479
412,0.010738706,0.0029713511,0.0071958303,0.01665318,0.49711075,0.5028892
413,0.010895586,0.0030126572,0.007181525,0.016630948,0.4971933,0.50280666
414,0.0111016985,0.0030682385,0.007160604,0.01659596,0.49720278,0.5027972
415,0.011021232,0.003639996,0.0070706606,0.016403377,0.49688685,0.50311315
416,0.011063313,0.0040899217,0.006999314,0.016252995,0.49683708,0.503163
417,0.011234021,0.0038507879,0.007032037,0.016329467,0.4971429,0.5028571
418,0.011259889,0.004449129,0.006934941,0.016129315,0.49692687,0.5030731
419,0.011605954,0.00394395,0.006998241,0.016275525,0.49726757,0.5027324
420,0.011450028,0.0038499832,0.007017195,0.016311109,0.4970878,0.50291216
421,0.011608219,0.0036777854,0.0070347786,0.016351402,0.49709553,0.5029045
422,0.011730289,0.003488928,0.007056594,0.016400576,0.49709564,0.50290436
423,0.011888241,0.0033617616,0.007066369,0.016425729,0.49706852,0.50293154
424,0.011920666,0.0033136606,0.0070699453,0.016432881,0.49697068,0.50302935
425,0.011494374,0.0030461848,0.007134378,0.016549528,0.49686527,0.5031347
426,0.011055803,0.0027945638,0.0072003603,0.016669333,0.4968862,0.5031138
427,0.011087393,0.0027786195,0.007204354,0.01668024,0.49704945,0.50295055
428,0.010587549,0.0027403533,0.0072382092,0.016733587,0.49696955,0.5030304
429,0.010905718,0.0029608011,0.0071883798,0.01664275,0.49713963,0.50286037
430,0.011233067,0.0028007627,0.007197082,0.016676724,0.49732438,0.5026756
431,0.0108402725,0.0031090677,0.007163942,0.016592205,0.4969331,0.50306696
432,0.011146044,0.0032685697,0.0071243644,0.016517878,0.49704486,0.50295514
433,0.010932898,0.0037489533,0.0070587993,0.016372979,0.49684325,0.5031567
434,0.011385893,0.0038409233,0.007024169,0.016317964,0.49711567,0.5028843
435,0.011561966,0.0036729872,0.0070406795,0.016362727,0.49721235,0.5027876
436,0.011469817,0.003476113,0.0070737004,0.01642853,0.4971043,0.5028957
437,0.011667227,0.0033249557,0.0070858,0.016459525,0.4971158,0.5028842
438,0.011278128,0.0031840801,0.0071265697,0.01652819,0.49692252,0.50307745
439,0.011403656,0.0031511188,0.007126689,0.01653099,0.49701104,0.50298893
440,0.011362171,0.003523916,0.0070689917,0.01640904,0.49688184,0.50311816
441,0.011341548,0.0032490492,0.007116258,0.016507566,0.49706012,0.5029398
442,0.011229729,0.0032231808,0.0071261525,0.016525686,0.49704355,0.50295645
443,0.011463499,0.0025829077,0.0072180033,0.016728044,0.49734896,0.50265104
444,0.0114685055,0.002425015,0.0072387457,0.016772568,0.4972031,0.5027969
445,0.011391735,0.002534598,0.0072215796,0.01673013,0.49696496,0.50303507
446,0.01144979,0.002492547,0.007225871,0.016738236,0.49698642,0.5030136
447,0.013137078,0.0014108717,0.0073138475,0.016991735,0.4979162,0.5020838
448,0.012690639,0.0005290508,0.007468164,0.017300248,0.49735156,0.5026484
449,0.0109017845,0.00083073974,0.0075059533,0.017292678,0.49614623,0.5038538
450,0.011260485,0.00022232533,0.0076038837,0.017501414,0.49694714,0.50305283
451,0.009409761,0.0009975135,0.0075775385,0.017377853,0.49630964,0.5036904
452,0.009856915,0.0008932352,0.00758785,0.017419517,0.49722502,0.50277495
453,0.010576462,0.00084525347,0.0075592995,0.017404497,0.49774924,0.50225073
454,0.010109877,0.0011446178,0.007526517,0.017322183,0.49723178,0.5027682
455,0.01034913,0.0009974837,0.007538557,0.017351985,0.49731892,0.5026811
456,0.010542845,0.0009405017,0.0075362325,0.017354071,0.497336,0.50266397
457,0.012983656,0.0012954473,0.0073397756,0.017041981,0.4978611,0.5021389
458,0.011297559,0.0028306246,0.007161021,0.016597688,0.49605635,0.5039437
459,0.012317991,0.00131163,0.0073688626,0.017060578,0.49731046,0.50268954
460,0.011797404,0.0013146698,0.007391095,0.017095268,0.49699536,0.50300467
461,0.009741401,0.00081416965,0.0075891614,0.017419815,0.49646097,0.50353897
462,0.0094926115,0.0011447668,0.007559955,0.0173468,0.49681592,0.5031841
463,0.009543514,0.0022220016,0.0073848963,0.016993523,0.49696997,0.50303006
464,0.010212278,0.0021115243,0.007374227,0.017006636,0.49760982,0.50239015
465,0.009875035,0.0026615858,0.00729692,0.01683855,0.4972029,0.50279707
466,0.01014564,0.003215015,0.0071929097,0.01662904,0.49712634,0.5028737
467,0.010396933,0.005432725,0.0068295,0.015876234,0.4965215,0.5034785
468,0.011051392,0.004586369,0.006937444,0.016127765,0.49743488,0.50256515
469,0.012248015,0.0052081645,0.006775975,0.01584059,0.49748012,0.5025199
470,0.0134552475,0.004804969,0.0067681074,0.015868664,0.49755427,0.50244576
471,0.012496447,0.0039922595,0.0069288015,0.01616633,0.49683347,0.5031665
472,0.012608027,0.003077954,0.007065892,0.01644826,0.49697405,0.5030259
473,0.011338448,0.0029256642,0.007154107,0.016580343,0.49646133,0.50353867
474,0.011664009,0.0031645,0.0071059465,0.016488373,0.49677917,0.50322086
475,0.01223216,0.0022764206,0.007223487,0.016763926,0.49747446,0.5025255
476,0.0121463295,0.0013131499,0.007379234,0.017092764,0.4974787,0.5025213
477,0.010469293,0.0004093945,0.00761652,0.017514467,0.49683684,0.5031632
478,0.010827875,0.00017997622,0.007640898,0.017572224,0.4971577,0.5028423
479,0.009787535,0.0011529922,0.007532239,0.01730436,0.49652094,0.50347906
480,0.010592079,0.0020736754,0.007344961,0.01694566,0.4969553,0.5030447
481,0.009324646,0.003029555,0.0072599053,0.01672554,0.49651235,0.50348765
482,0.010488486,0.00329867,0.0071675777,0.016582668,0.49742016,0.50257987
483,0.009692049,0.0033056438,0.007207215,0.016645372,0.49721223,0.50278777
484,0.009618854,0.0037302375,0.007144153,0.016510189,0.49713206,0.50286794
485,0.012616491,0.00344643,0.0070359707,0.016402721,0.498333,0.50166696
486,0.012296533,0.004361987,0.0068864822,0.016078949,0.49698687,0.50301313
487,0.013681745,0.0032248795,0.006989777,0.016334832,0.4974481,0.5025519
488,0.012872076,0.0034891963,0.006976664,0.016271472,0.49647114,0.50352883
489,0.012320017,0.0025428236,0.007159233,0.016622901,0.49660885,0.5033911
490,0.011564827,0.0024481416,0.0072182417,0.016717136,0.4965603,0.50343966
491,0.010720586,0.0013294816,0.0074568987,0.017184377,0.49700242,0.5029976
492,0.011471963,0.00071418285,0.00752306,0.01736039,0.49765623,0.5023438
493,0.011339759,-0.00038051605,0.0077106357,0.017751396,0.49767822,0.5023218
494,0.01004157,-0.0008803308,0.007863343,0.018007755,0.4969825,0.5030175
495,0.011641121,-0.00014206767,0.0076456666,0.017614245,0.4972957,0.5027043
496,0.011590218,-0.0006682575,0.0077359676,0.01780194,0.4973004,0.5026996
497,0.012399172,-0.00052061677,0.007659197,0.017673433,0.4972731,0.5027269
498,0.012467479,-0.0017410815,0.007863283,0.018099725,0.49742553,0.50257444
499,0.0082167145,-0.00013586879,0.007815063,0.017812371,0.49511912,0.5048809
500,0.008905506,-0.00033968687,0.007850409,0.017903328,0.49687016,0.50312984
501,0.008740639,-0.00015377998,0.007841051,0.017903805,0.49756825,0.50243175
