,mu1,mu2,mu3,sigma1,sigma2,sigma3,pi1,pi2,pi3
0,0.0150706805,0.0049934983,-0.001988696,0.07337618,0.02924633,0.009576678,0.0015045125,0.12521194,0.87328357
1,0.012417305,0.007663548,-0.00053374656,0.07392591,0.02957958,0.009741545,0.0015415226,0.12629,0.8721685
2,0.015250791,0.004884064,-0.0020736922,0.073696434,0.02940011,0.009654105,0.0015199143,0.12559843,0.8728817
3,0.015013669,0.0046218634,-0.0021819938,0.073173344,0.029135585,0.0095332265,0.0014951099,0.12497404,0.8735308
4,0.015964333,0.003422141,-0.0028921235,0.07253611,0.028785884,0.009367287,0.0014597236,0.12400475,0.87453556
5,0.014470268,0.0045389533,-0.0023369063,0.072107315,0.028587222,0.009279966,0.0014430783,0.12364201,0.8749149
6,0.012766037,0.0061373115,-0.0015385617,0.07224929,0.028679848,0.009332061,0.0014549879,0.12404473,0.8745003
7,0.013854075,0.0056431293,-0.001791941,0.07278675,0.028940022,0.009447217,0.0014778422,0.12458889,0.8739333
8,0.014084745,0.0050460696,-0.0020939577,0.072473645,0.028770804,0.009373307,0.001462122,0.12416792,0.87437004
9,0.013351504,0.00557971,-0.0018052328,0.07253569,0.028812885,0.00939858,0.0014678362,0.12435441,0.87417775
10,0.013161857,0.0061276555,-0.0014647115,0.07317519,0.029152215,0.009555519,0.0015007055,0.12521541,0.8732839
11,0.014973152,0.003401637,-0.0029737223,0.07215798,0.02858001,0.00929749,0.0014447408,0.123665415,0.8748898
12,0.015872095,0.003006637,-0.0030964483,0.0722965,0.028657496,0.009316862,0.001448988,0.12372802,0.87482303
13,0.014019255,0.0049764514,-0.002032565,0.07246482,0.028783321,0.0093743205,0.0014630151,0.12418879,0.87434816
14,0.013775025,0.0062334538,-0.0013458598,0.073458314,0.02931124,0.009609997,0.0015126964,0.12548691,0.8730003
15,0.014702577,0.005664587,-0.0016492475,0.07366294,0.029402256,0.00964731,0.0015196693,0.1256186,0.87286174
16,0.013854254,0.005753815,-0.0016370285,0.07307541,0.0291,0.009519398,0.001493233,0.12498603,0.87352073
17,0.010884691,0.008461714,-0.00015632994,0.07371187,0.029475212,0.009713531,0.0015360743,0.12623481,0.87222916
18,0.015874777,0.0043315887,-0.0023277272,0.074144244,0.029618144,0.009760976,0.0015412337,0.12610775,0.87235105
19,0.012345631,0.0072641373,-0.000614034,0.07439202,0.029821336,0.009870827,0.0015681579,0.12696172,0.87147015
20,0.016983781,0.00298208,-0.002933966,0.07410157,0.02958846,0.009744167,0.0015369706,0.12593843,0.8725246
21,0.016849268,0.003748238,-0.0023864377,0.07430756,0.029732287,0.009789646,0.0015484724,0.12622921,0.87222236
22,0.015134383,0.0063109994,-0.0010381807,0.0750106,0.030143678,0.009970963,0.0015891902,0.12732805,0.8710828
23,0.016075078,0.0054644346,-0.00160514,0.074584186,0.02989316,0.009849787,0.0015624207,0.12661843,0.87181914
24,0.014795054,0.006160319,-0.0013064016,0.07386875,0.029530644,0.009690106,0.0015297991,0.12586746,0.87260276
25,0.014988054,0.005856693,-0.0015900601,0.073518634,0.029330969,0.0095998645,0.0015101983,0.12536119,0.87312865
26,0.013590846,0.0065197945,-0.001316594,0.072949946,0.0290429,0.009481251,0.0014860578,0.12481431,0.87369967
27,0.012987811,0.004752815,-0.0024894346,0.07094514,0.027968347,0.00902307,0.0013896646,0.12229305,0.8763173
28,0.013507161,0.004635036,-0.0024926532,0.071427464,0.02821511,0.00913161,0.0014117045,0.122862,0.87572634
29,0.013501558,0.002922535,-0.0034972895,0.06995684,0.027436674,0.0087964535,0.0013421118,0.120958805,0.8776991
30,0.013238076,0.004177749,-0.0026958454,0.07102275,0.028009117,0.009045899,0.0013941086,0.12239899,0.87620693
31,0.013638992,0.0047494173,-0.0022960175,0.07200158,0.028523207,0.009270251,0.0014405882,0.123622805,0.87493664
32,0.013226379,0.0051456094,-0.0020428766,0.07221687,0.028643012,0.009328604,0.0014530106,0.12397169,0.8745753
33,0.013955284,0.005332589,-0.0018399227,0.073156595,0.029133916,0.009544015,0.0014977418,0.12509745,0.87340486
34,0.013455439,0.0061432123,-0.0013263095,0.07373893,0.02945441,0.0096921325,0.0015294681,0.1259327,0.8725379
35,0.014956359,0.0054733157,-0.0016109217,0.074462354,0.029819727,0.009848595,0.0015614623,0.12665837,0.87178016
36,0.016264398,0.004240513,-0.0022477973,0.07418364,0.029659808,0.009763777,0.0015428433,0.12612191,0.87233526
37,0.011631358,0.0084735155,4.7935173e-05,0.07464242,0.029980421,0.009933531,0.0015830001,0.12736359,0.87105334
38,0.014485676,0.006487608,-0.0010083783,0.075421154,0.030335605,0.010090768,0.0016131559,0.12795761,0.87042916
39,0.01843362,0.0033999681,-0.0025443304,0.07542431,0.030294716,0.010039389,0.0015998052,0.127422,0.87097824
40,0.014098708,0.007160127,-0.00053231604,0.075214446,0.030267894,0.010038257,0.0016043196,0.12775524,0.8706404
41,0.013364065,0.008049071,-0.00015078671,0.0756042,0.030469894,0.0101418495,0.0016262331,0.12833048,0.87004334
42,0.01348323,0.007908165,-0.00019608624,0.075901985,0.030617654,0.010219455,0.0016421437,0.12871185,0.869646
43,0.017872218,0.0040042996,-0.0022559632,0.07563913,0.030410647,0.010098875,0.0016125928,0.12776494,0.8706225
44,0.014435742,0.0065252185,-0.00087355264,0.07501316,0.030148625,0.009988546,0.0015930281,0.12746243,0.87094456
45,0.016777057,0.004632354,-0.0019960273,0.07482517,0.030003488,0.009907246,0.0015734273,0.12685654,0.87157005
46,0.015676651,0.006179452,-0.0011674035,0.07506508,0.030160546,0.0099720955,0.0015889716,0.12729654,0.8711145
47,0.015338708,0.00453794,-0.0022838581,0.072820306,0.028954446,0.009436429,0.0014752832,0.124441184,0.8740836
48,0.013741273,0.0053616166,-0.0019247402,0.07211757,0.02860266,0.009287953,0.0014454137,0.12374226,0.87481236
49,0.014749188,0.0058404207,-0.0016353,0.07328528,0.029206216,0.009547234,0.0014991083,0.12509048,0.8734104
50,0.01331209,0.006015837,-0.001666652,0.07230675,0.028697193,0.009334266,0.0014549675,0.12401919,0.8745259
51,0.013515566,0.00448364,-0.0026046503,0.071145296,0.02806735,0.0090638995,0.0013977679,0.122485854,0.8761164
52,0.011019204,0.0054682493,-0.0021153558,0.070476055,0.027742565,0.008944571,0.0013743301,0.121974505,0.8766511
53,0.013638545,0.0046008825,-0.0024118293,0.07214379,0.02858299,0.0093076825,0.0014475497,0.123810194,0.87474227
54,0.014750157,0.0031532645,-0.003111111,0.0717839,0.0283854,0.009214282,0.0014275282,0.12322083,0.8753516
55,0.01327363,0.0055710673,-0.0016694535,0.072998345,0.029065013,0.009518206,0.0014929584,0.1250074,0.8734996
56,0.013842527,0.005740702,-0.0015261043,0.073824644,0.029493451,0.009710014,0.0015327928,0.12599553,0.87247175
57,0.0156181045,0.005090177,-0.0017585624,0.07467306,0.029928505,0.009891987,0.0015704038,0.1268449,0.8715847
58,0.017016698,0.0039051175,-0.002386259,0.074323595,0.029732227,0.009785652,0.0015473755,0.12619491,0.8722577
59,0.014597584,0.006422043,-0.0010510553,0.07444811,0.029846668,0.009839177,0.0015614938,0.12667198,0.8717665
60,0.0140414275,0.0067649484,-0.000985669,0.07425034,0.02973485,0.009796083,0.0015521516,0.12647034,0.87197745
61,0.014902044,0.0060460567,-0.001396643,0.074233115,0.029706478,0.009780943,0.0015479674,0.12632293,0.87212914
62,0.0155088045,0.0041719675,-0.002502488,0.07272911,0.028893828,0.009415507,0.0014702688,0.12430539,0.8742243
63,0.015546177,0.0036890507,-0.002828883,0.07197511,0.028498769,0.009233594,0.0014325706,0.12331077,0.87525666
64,0.013337228,0.0057091713,-0.0018120874,0.071959555,0.028522253,0.009251952,0.001438168,0.12357148,0.8749904
65,0.013278399,0.004826784,-0.0024314988,0.07114345,0.028074443,0.009063423,0.0013981147,0.12250536,0.8760965
66,0.01347715,0.0038835406,-0.0029643644,0.07050151,0.02772957,0.008915722,0.0013671826,0.12165345,0.8769793
67,0.014003295,0.0034354925,-0.003176557,0.070504904,0.02772659,0.008911133,0.0013659681,0.12159323,0.87704086
68,0.01324882,0.004948497,-0.0022927988,0.07136321,0.028194606,0.009117782,0.0014095382,0.12281499,0.87577546
69,0.013610367,0.004222274,-0.0027326215,0.07107031,0.028027356,0.009047031,0.0013941705,0.1223826,0.8762232
70,0.012603197,0.0046203136,-0.002517866,0.07083255,0.027914405,0.009007096,0.0013864402,0.1222237,0.8763898
71,0.014732812,0.0028334856,-0.0034376848,0.07090312,0.027921319,0.00900048,0.0013834641,0.12203518,0.8765813
72,0.013975237,0.00412637,-0.002643751,0.071440995,0.028229237,0.009132922,0.0014121603,0.12284714,0.8757407
73,0.013057295,0.0058388114,-0.0016837586,0.072409034,0.028754652,0.009369612,0.0014622537,0.12422164,0.87431604
74,0.012924928,0.005821705,-0.0016953815,0.07253742,0.028815627,0.0094053745,0.0014693178,0.12441503,0.87411565
75,0.015195269,0.0038416982,-0.002706157,0.07256657,0.028798461,0.009387612,0.0014637887,0.124154426,0.8743818
76,0.012949962,0.0060634613,-0.0014340151,0.07297754,0.029060066,0.009513319,0.0014923982,0.12501049,0.87349707
77,0.015766416,0.004147887,-0.002445029,0.07343173,0.029256403,0.009585977,0.0015053084,0.1251972,0.87329745
78,0.014513288,0.005095005,-0.001912402,0.07319653,0.029160678,0.009544194,0.0014980645,0.12507401,0.8734279
79,0.014215354,0.0055582523,-0.0016921628,0.07335907,0.029248953,0.009584665,0.0015067371,0.12531194,0.87318134
80,0.014027137,0.0054183602,-0.0017870534,0.073085725,0.029102981,0.009523034,0.0014937343,0.124988936,0.87351733
81,0.015235547,0.005065322,-0.0019228328,0.07366747,0.0293985,0.009645104,0.001518768,0.12556757,0.87291366
82,0.013437364,0.006768346,-0.0010077227,0.073877215,0.029538989,0.009717107,0.0015355438,0.12608573,0.8723787
83,0.014615122,0.0053028464,-0.0018470753,0.07349801,0.029309094,0.009613633,0.0015121594,0.12543248,0.8730554
84,0.01332343,0.0058935285,-0.0015295614,0.073152065,0.029144108,0.009550273,0.0014997303,0.12518068,0.87331957
85,0.014601368,0.005482137,-0.0016867984,0.073937,0.029542983,0.009722948,0.0015351281,0.1260162,0.8724487
86,0.015413199,0.0040796995,-0.0024504531,0.07317102,0.029126525,0.0095312,0.0014941496,0.12492825,0.87357765
87,0.01543184,0.0047698617,-0.0020312537,0.0736357,0.029385448,0.009637117,0.0015171607,0.12551412,0.87296873
88,0.013022918,0.006999314,-0.00087009557,0.07381886,0.029517412,0.00970912,0.00153429,0.12607375,0.872392
89,0.013342608,0.0068360567,-0.00096593983,0.07416445,0.029684246,0.009791493,0.0015507996,0.12647603,0.8719731
90,0.012030352,0.008161843,-0.00016562827,0.07487303,0.03007859,0.0099874735,0.0015931986,0.12759982,0.870807
91,0.016887877,0.004581392,-0.0019771922,0.07560629,0.030397356,0.0101071,0.0016145562,0.12786683,0.8705186
92,0.017107192,0.0038331747,-0.0023362506,0.07470709,0.029935598,0.009883523,0.0015678857,0.12670253,0.87172955
93,0.014639515,0.0062449574,-0.0010982621,0.07473719,0.02999723,0.009914875,0.0015771497,0.12705788,0.87136495
94,0.013605643,0.00688684,-0.0008498896,0.07451165,0.029879093,0.009872735,0.0015684101,0.12689774,0.87153393
95,0.014457528,0.0064059496,-0.0010707844,0.07483542,0.030035138,0.009942353,0.0015823365,0.12720121,0.8712165
96,0.016415063,0.0052825212,-0.0016101468,0.07522321,0.03022033,0.010009468,0.0015954684,0.1274217,0.8709828
97,0.014957491,0.006976962,-0.00068502314,0.07548189,0.030391991,0.010086715,0.0016138811,0.1279464,0.87043977
98,0.015873183,0.0052438974,-0.0017843116,0.07432759,0.029746473,0.009792864,0.0015498312,0.1263174,0.8721328
99,0.0139271505,0.0060968995,-0.0014144052,0.07344127,0.029301167,0.009604037,0.0015113751,0.12544519,0.8730434
100,0.013882492,0.004499674,-0.0024257768,0.07189143,0.028464437,0.009240806,0.0014344173,0.123446,0.8751196
101,0.014085654,0.0051181316,-0.0019994248,0.07266092,0.028875291,0.009419382,0.0014719475,0.1244224,0.87410563
102,0.014331613,0.005822718,-0.0015593041,0.07356137,0.029353678,0.009628892,0.0015160467,0.12554573,0.8729382
103,0.014067803,0.0056819916,-0.0016759504,0.07326585,0.029195607,0.009562671,0.0015020105,0.12520075,0.8732973
104,0.014134917,0.0048770905,-0.0021517742,0.07260877,0.028841138,0.009408295,0.0014692292,0.12434954,0.8741812
105,0.013465036,0.0051969886,-0.0019749869,0.07249308,0.028788924,0.009391248,0.0014660725,0.12430127,0.8742327
106,0.015363652,0.0042480826,-0.0024140943,0.07310927,0.029092252,0.009513497,0.0014904569,0.124836184,0.8736734
107,0.014043916,0.0052547455,-0.0018606056,0.07293594,0.029026628,0.009487808,0.0014864608,0.12479953,0.873714
108,0.014331166,0.005682707,-0.0016137827,0.07358974,0.029368997,0.00963819,0.0015179112,0.12559196,0.8728902
109,0.014024768,0.005748093,-0.0015870202,0.073446095,0.029294848,0.009608865,0.0015118395,0.12545377,0.8730344
110,0.014909688,0.005033016,-0.0019631851,0.07347125,0.02929467,0.009604096,0.0015101024,0.12536389,0.87312603
111,0.014533702,0.0053272843,-0.0017999876,0.07339084,0.029261172,0.009588838,0.0015073838,0.12531297,0.8731796
112,0.014455039,0.00535357,-0.0018075574,0.07331073,0.029218614,0.009569824,0.0015034087,0.12521522,0.87328136
113,0.01390541,0.005705297,-0.0016390551,0.0732345,0.029183745,0.009558797,0.0015013823,0.125192,0.87330663
114,0.013549674,0.0061101913,-0.0014055837,0.073476136,0.029314518,0.009622693,0.0015149452,0.12555826,0.8729268
115,0.014237452,0.0052693486,-0.0018461216,0.07336748,0.029242873,0.009591401,0.0015075296,0.125334,0.87315845
116,0.012979183,0.0071240664,-0.00074158795,0.07439262,0.029813945,0.009855747,0.0015647353,0.12684332,0.8715919
117,0.01661395,0.003950298,-0.00243734,0.07431793,0.029715478,0.009793043,0.0015481918,0.12624031,0.87221146
118,0.015409473,0.004951656,-0.0018499363,0.074053705,0.029611468,0.009741783,0.0015393287,0.12607628,0.8723844
119,0.014383022,0.0057712793,-0.0014842022,0.073862195,0.029522061,0.009705126,0.0015323389,0.12595269,0.8725149
120,0.015266065,0.0053279996,-0.0017340053,0.074018,0.029590368,0.009728968,0.0015366902,0.12601803,0.8724452
121,0.014843989,0.005715966,-0.0015396345,0.07387698,0.029524207,0.009698033,0.0015307288,0.12588969,0.8725795
122,0.014579285,0.005899787,-0.0014935005,0.07372749,0.029444933,0.009663343,0.0015234987,0.125721,0.87275547
123,0.014148135,0.0059323907,-0.0015255678,0.073372245,0.029257417,0.009583831,0.00150683,0.12531948,0.8731737
124,0.014089454,0.005349934,-0.0019125212,0.07280606,0.028949201,0.0094512105,0.0014785321,0.12459403,0.8739274
125,0.014533613,0.004676938,-0.0022896398,0.07252139,0.028790653,0.009379208,0.0014630152,0.12416679,0.8743702
126,0.014443327,0.0035569668,-0.0029723514,0.071309984,0.028149784,0.009097457,0.0014042538,0.12261112,0.87598467
127,0.013422582,0.0052900314,-0.001981901,0.07212734,0.028602064,0.009298861,0.0014472741,0.12380898,0.87474376
128,0.014179293,0.0048258305,-0.0022377241,0.07233316,0.028695285,0.009338319,0.0014547139,0.12396717,0.8745781
129,0.012641016,0.005974829,-0.0016030539,0.072354496,0.028728068,0.009364724,0.001461313,0.124219574,0.87431914
130,0.015417147,0.0038369894,-0.0027237404,0.07260972,0.028819442,0.0093925595,0.0014647872,0.12416887,0.87436634
131,0.014417011,0.004719734,-0.002201127,0.07254124,0.028810024,0.009387493,0.0014651257,0.124226645,0.8743082
132,0.013457332,0.0056120157,-0.0017579067,0.07265335,0.028879821,0.009424686,0.0014734931,0.12449395,0.87403256
133,0.014085893,0.004997492,-0.0020947922,0.072662055,0.028869987,0.0094207525,0.001471876,0.12442079,0.87410736
134,0.013611887,0.0054609776,-0.001800226,0.07282722,0.028966963,0.009467661,0.0014821708,0.12471266,0.87380517
135,0.013303939,0.0061587095,-0.001371311,0.07346451,0.029309094,0.009625554,0.0015155287,0.12558652,0.872898
136,0.012676615,0.0074496865,-0.0005675424,0.07460129,0.02992469,0.009911835,0.0015766174,0.12715563,0.8712678
137,0.016897518,0.0037046075,-0.0025420655,0.074516535,0.029813409,0.009840667,0.0015577731,0.12646621,0.871976
138,0.016036142,0.004648447,-0.0019529331,0.07442957,0.029804826,0.00982666,0.0015568362,0.12648244,0.87196076
139,0.014805231,0.005191028,-0.0017736424,0.073681414,0.02942264,0.009658039,0.0015221398,0.12567103,0.8728069
140,0.0158864,0.0050246716,-0.0018697251,0.07412428,0.029644608,0.009744823,0.0015399221,0.1260656,0.8723945
141,0.014687154,0.006145835,-0.0013083685,0.07396078,0.02957803,0.009716213,0.0015351326,0.12600774,0.87245715
142,0.0134946145,0.0067828298,-0.0010630954,0.07356876,0.029375732,0.009636521,0.0015187324,0.12565635,0.87282497
143,0.014077876,0.0061635375,-0.0014202464,0.07354003,0.029342592,0.009624243,0.0015152004,0.12553878,0.872946
144,0.014556948,0.005186796,-0.001984762,0.073046625,0.02906853,0.009502709,0.0014889209,0.12484003,0.8736711
145,0.013132665,0.0056700706,-0.0017653573,0.07249391,0.028793275,0.009391844,0.0014665208,0.1243308,0.8742027
146,0.013359118,0.0042917132,-0.0025699008,0.07159215,0.02830261,0.009182394,0.0014219563,0.12314281,0.87543523
147,0.015145961,0.00379771,-0.002694117,0.072589755,0.02881515,0.00939554,0.0014655848,0.12420236,0.874332
148,0.013666753,0.0056827664,-0.0016031731,0.07319999,0.029171824,0.009557188,0.0015012624,0.12520021,0.8732985
149,0.015079562,0.0046281815,-0.0021777023,0.0733068,0.029204369,0.009564638,0.0015015516,0.12513532,0.8733631
150,0.014691714,0.005625367,-0.0015774239,0.07385725,0.029512703,0.00969857,0.0015306984,0.12589715,0.8725722
151,0.014306325,0.0060634017,-0.0013728607,0.07393378,0.029556394,0.009720266,0.0015354962,0.12603879,0.87242573
152,0.014416907,0.005561888,-0.001679467,0.07353628,0.02933824,0.00962466,0.0015149475,0.12551272,0.87297237
153,0.0144328065,0.005440712,-0.0017481316,0.07343143,0.029281914,0.009599805,0.0015096682,0.12537733,0.87311304
154,0.014841814,0.0052400827,-0.0018560756,0.07353258,0.029330492,0.0096178055,0.0015132021,0.12544608,0.8730407
155,0.014313165,0.0051825643,-0.0019265283,0.072992444,0.02905047,0.009495854,0.0014879018,0.12482354,0.8736886
156,0.014334772,0.0049104095,-0.0021084417,0.0727247,0.028905213,0.009432018,0.0014743356,0.124471016,0.8740546
157,0.013257835,0.0063841343,-0.0012709368,0.07336855,0.029264867,0.009598434,0.001510283,0.12545371,0.87303597
158,0.012829158,0.006506264,-0.0012082327,0.0734362,0.02929753,0.00962472,0.0015155628,0.12561266,0.8728718
159,0.014778886,0.0053128004,-0.0017528404,0.0741061,0.029626012,0.009764731,0.0015435305,0.12622021,0.8722362
160,0.015808512,0.004514575,-0.0021160115,0.07411772,0.02962786,0.009754539,0.0015410668,0.12610207,0.87235683
161,0.015709687,0.004482031,-0.0021541584,0.07375771,0.029445887,0.009665668,0.001522845,0.12564383,0.8728333
162,0.014610205,0.005487025,-0.0016590226,0.073617876,0.029390395,0.009641767,0.0015189167,0.12560016,0.8728809
163,0.014569078,0.005574167,-0.0016614664,0.073544145,0.02934724,0.009622335,0.0015147114,0.12549666,0.87298864
164,0.013556261,0.0067106485,-0.0010430682,0.07383764,0.029517174,0.0097049475,0.0015329678,0.12601434,0.8724527
165,0.0154554285,0.005024731,-0.0019686688,0.07372397,0.029422522,0.009654164,0.0015204359,0.12559974,0.8728798
166,0.014801968,0.0054851174,-0.0017262567,0.07350469,0.029321492,0.0096081495,0.0015115845,0.12540679,0.87308156
167,0.0137475915,0.005660236,-0.0017385948,0.07280761,0.02895844,0.009455204,0.0014797975,0.124643244,0.873877
168,0.013694171,0.0047664046,-0.0022966731,0.07200402,0.028523922,0.009269059,0.0014403422,0.12361344,0.8749462
169,0.014094789,0.004385233,-0.0024679769,0.07202208,0.028529286,0.009270191,0.00144031,0.12359214,0.8749676
170,0.013883356,0.005066693,-0.0020401347,0.07254779,0.028815567,0.009396672,0.0014671402,0.124307446,0.8742254
171,0.013711918,0.005791843,-0.0015967358,0.07321006,0.02917105,0.009556353,0.0015008793,0.12518987,0.87330925
172,0.014089543,0.0055267215,-0.0017235745,0.07339454,0.029260755,0.00959754,0.0015090621,0.12538052,0.8731105
173,0.013825778,0.00592947,-0.0014586914,0.0737201,0.029439688,0.009680808,0.0015268718,0.1258474,0.87262577
174,0.01347414,0.005968213,-0.0014186371,0.07369441,0.029428184,0.009683073,0.0015273636,0.12587835,0.87259424
175,0.015170146,0.005278647,-0.00168656,0.07454276,0.029860377,0.009867132,0.0015652068,0.12674022,0.87169456
176,0.014349494,0.0064625144,-0.00097345,0.07508606,0.030173242,0.010009408,0.0015966884,0.12755947,0.8708438
177,0.016188014,0.004911661,-0.0018144716,0.074994326,0.030095875,0.009962261,0.0015850919,0.12717727,0.87123764
178,0.014845241,0.0062075853,-0.001095878,0.074986696,0.030122757,0.0099749565,0.0015895389,0.12735546,0.871055
179,0.013898689,0.007432401,-0.00045822747,0.07544756,0.030379713,0.0100979805,0.0016164528,0.12806487,0.87031865
180,0.013073001,0.008424759,0.00010396354,0.07605088,0.03070885,0.010260761,0.0016516503,0.12896079,0.8693876
181,0.015397746,0.0064317584,-0.0009155739,0.076269984,0.030785084,0.010289073,0.0016553069,0.12892653,0.86941814
182,0.016840342,0.0051838756,-0.0015253294,0.07612187,0.030695975,0.010233045,0.0016426537,0.12854402,0.86981326
183,0.016902585,0.004837513,-0.0017558802,0.07541114,0.030324697,0.010052502,0.0016046204,0.12761584,0.8707796
184,0.015044171,0.0059423447,-0.0012847055,0.07458955,0.029913306,0.009871185,0.0015676664,0.12680145,0.8716309
185,0.01433574,0.006786704,-0.00089566596,0.07468796,0.02996999,0.009900451,0.0015742863,0.12700507,0.8714206
186,0.011997778,0.008594394,5.08558e-05,0.0747695,0.030037701,0.009953976,0.0015870238,0.12744641,0.87096655
187,0.01527885,0.0064581037,-0.0010231007,0.07567835,0.03046596,0.010137081,0.0016228964,0.12815432,0.87022275
188,0.013747085,0.007727742,-0.00026206858,0.07588637,0.030609548,0.010212183,0.0016406218,0.12866174,0.8696977
189,0.016680423,0.0045815706,-0.0020070542,0.075247705,0.03021437,0.010019422,0.0015963338,0.1274302,0.8709735
190,0.013229091,0.0065606833,-0.0009553302,0.0743621,0.029801488,0.009851277,0.0015637231,0.12680161,0.8716347
191,0.016336266,0.004103482,-0.0022864211,0.07448453,0.029814541,0.009840608,0.001558621,0.12651269,0.8719287
192,0.015685756,0.005497873,-0.001427101,0.07503694,0.030141473,0.009977996,0.0015896581,0.1273133,0.871097
193,0.016245801,0.0059351325,-0.0012020338,0.07558209,0.030430913,0.010095358,0.001614804,0.1278986,0.8704866
194,0.01468337,0.0073156357,-0.0005405415,0.07539451,0.030352056,0.0100649,0.001609665,0.12785672,0.8705336
195,0.013836164,0.0077905655,-0.0003751982,0.07516885,0.030230582,0.010020614,0.0016002642,0.12767453,0.87072515
196,0.014001716,0.0061016083,-0.0014079083,0.073795855,0.029475927,0.009692252,0.001529244,0.12589966,0.8725711
197,0.01483709,0.0053831935,-0.0017454494,0.07385486,0.029497981,0.009698033,0.0015298801,0.12587196,0.8725982
198,0.01631223,0.0030040145,-0.0031062234,0.07255709,0.028787374,0.009370744,0.0014599089,0.123993255,0.8745469
199,0.015029345,0.004672706,-0.0021921266,0.0727908,0.028944612,0.009435058,0.0014752357,0.124455556,0.87406915
200,0.013886038,0.0045068264,-0.0024587978,0.07153404,0.028284848,0.0091513395,0.0014163784,0.12296242,0.8756212
201,0.014447469,0.0045140386,-0.0024496187,0.07185501,0.028445661,0.009217262,0.0014297547,0.12329248,0.87527776
202,0.013854954,0.0049660206,-0.002229916,0.07171017,0.028377175,0.009189129,0.0014243958,0.12318097,0.8753946
203,0.013775829,0.005221188,-0.0021161903,0.07188082,0.028464317,0.009229064,0.0014326033,0.12340465,0.8751627
204,0.013096649,0.005248904,-0.0021573175,0.07147688,0.028253257,0.009144664,0.0014151292,0.122974016,0.8756109
205,0.013674233,0.0038353205,-0.002984034,0.0707525,0.027854621,0.008972943,0.0013785883,0.1219566,0.87666476
206,0.013250578,0.0037127137,-0.00303738,0.07041794,0.027686536,0.008903325,0.0013645327,0.12159161,0.87704384
207,0.01249722,0.004469514,-0.0025840867,0.0707342,0.027863443,0.008987963,0.0013824595,0.1221204,0.87649715
208,0.014924649,0.0034654737,-0.0030045975,0.071787894,0.02838862,0.0092051625,0.0014258988,0.12316802,0.87540615
209,0.0140304305,0.0045950413,-0.0023242105,0.07208836,0.028572142,0.00928539,0.0014438924,0.12368881,0.87486726
210,0.014000971,0.004744053,-0.0022604335,0.072200954,0.028630078,0.009311378,0.0014492486,0.12383156,0.8747192
211,0.014360163,0.004817128,-0.002187835,0.07253617,0.0288046,0.009385407,0.0014645968,0.124216095,0.8743194
212,0.014699269,0.0045612454,-0.002331065,0.07248014,0.028771281,0.00936687,0.0014605547,0.12409287,0.8744466
213,0.01431619,0.0048550963,-0.0021924842,0.072353125,0.028711021,0.009339929,0.0014553353,0.12397532,0.8745693
214,0.014084507,0.0047255754,-0.002310859,0.0719834,0.028515577,0.00925523,0.0014376906,0.12352241,0.87503994
215,0.013711873,0.005120337,-0.0021119583,0.07207501,0.028567195,0.00928086,0.0014432324,0.12368855,0.8748682
216,0.013156641,0.005525768,-0.00189762,0.07214552,0.028608382,0.009305954,0.001448641,0.12386061,0.8746908
217,0.012554947,0.0056024194,-0.0018571485,0.072025895,0.028546393,0.009290099,0.0014452926,0.12380426,0.87475044
218,0.014146883,0.0048962235,-0.0021273363,0.072888196,0.028981268,0.009478092,0.0014833788,0.124718636,0.87379795
219,0.015170906,0.004052341,-0.0025152434,0.07292879,0.02899611,0.009476364,0.0014825731,0.12464298,0.8738744
220,0.014246929,0.004963279,-0.0019997228,0.07300472,0.02905798,0.009504497,0.0014896035,0.12487001,0.8736404
221,0.014780451,0.0047834516,-0.002095865,0.07320517,0.029156864,0.009544015,0.0014975398,0.12504677,0.87345564
222,0.014051173,0.0058995485,-0.0014552344,0.07366037,0.029414535,0.009660423,0.0015229612,0.1257341,0.87274295
223,0.0148879625,0.005457163,-0.001689123,0.073884964,0.029519796,0.009702921,0.0015312145,0.1259009,0.87256795
224,0.0143155195,0.006158471,-0.0012905467,0.07406837,0.029629469,0.009753466,0.0015425814,0.12621744,0.87223995
225,0.014082987,0.0063696504,-0.0011996496,0.074151635,0.029672503,0.009776771,0.0015474524,0.12635273,0.8720998
226,0.014662672,0.005534053,-0.0016711224,0.07387465,0.02951169,0.00970459,0.0015314216,0.12591909,0.8725495
227,0.014579315,0.004952967,-0.0020075906,0.07323694,0.029173732,0.009554803,0.0014998305,0.12511757,0.87338257
228,0.011484209,0.007876635,-0.0003968347,0.073856056,0.029548287,0.009744763,0.0015423014,0.12635854,0.8720991
229,0.016552616,0.004137039,-0.0023406018,0.074555874,0.029838145,0.009852111,0.0015604913,0.12655227,0.8718872
230,0.012594733,0.007750213,-0.00027184375,0.07496941,0.030139029,0.0100054145,0.0015973573,0.12766829,0.8707344
231,0.013879139,0.0073522925,-0.00045912154,0.076043665,0.030683398,0.010254979,0.0016490085,0.12885524,0.86949575
232,0.01745734,0.004299581,-0.0020062793,0.075981855,0.03060335,0.010194838,0.0016333958,0.12828957,0.8700771
233,0.014630277,0.0072451234,-0.0003522504,0.07638836,0.030887425,0.010328233,0.0016657121,0.12920861,0.86912566
234,0.017085854,0.005258918,-0.0014970768,0.07622832,0.030756056,0.010251403,0.0016467916,0.12862708,0.8697262
235,0.017896984,0.004288554,-0.002046274,0.07529211,0.030255914,0.010004759,0.0015943019,0.12730977,0.8710959
236,0.015119422,0.0066304207,-0.00093291886,0.07473695,0.030003846,0.009895325,0.0015737268,0.12694676,0.8714795
237,0.013462234,0.008096993,-0.0002803076,0.074661136,0.029972613,0.009894013,0.0015741917,0.12704922,0.8713766
238,0.01498555,0.0048478246,-0.0022169221,0.07269436,0.02887863,0.009408534,0.001469173,0.12430539,0.8742254
239,0.012774441,0.007328987,-0.0008336771,0.07339609,0.02928865,0.009602189,0.0015118672,0.125521,0.8729671
240,0.012633,0.005904138,-0.0017290581,0.07226139,0.028666139,0.009341717,0.0014559323,0.12408191,0.8744622
241,0.01563831,0.0021501184,-0.0037662257,0.07121849,0.02806902,0.009066939,0.0013961795,0.12233608,0.8762678
242,0.0127067305,0.005587399,-0.0017804969,0.07218188,0.028639197,0.00932616,0.0014532374,0.12400255,0.8745442
243,0.012444023,0.0053812265,-0.0019366015,0.072092354,0.0285815,0.009312749,0.0014497904,0.12392682,0.87462336
244,0.012976009,0.0060916543,-0.0013580788,0.07359767,0.029377878,0.009669602,0.0015245236,0.12583339,0.8726421
245,0.017443586,0.0037785769,-0.0024268497,0.07501143,0.03007859,0.009952366,0.0015815469,0.1270265,0.87139195
246,0.016370956,0.004857123,-0.001801597,0.07475108,0.029979944,0.009896934,0.0015720092,0.12684143,0.8715866
247,0.0153336115,0.0052102804,-0.0017630924,0.073846936,0.029509246,0.009685934,0.0015280822,0.12579381,0.8726781
248,0.016143862,0.00493443,-0.0019858945,0.07384431,0.029494584,0.009667635,0.0015237477,0.12564293,0.8728333
249,0.013646144,0.0061613917,-0.0014582742,0.0727281,0.028933346,0.00943017,0.0014756145,0.124537185,0.8739872
250,0.013580833,0.0053993464,-0.0020025242,0.07193422,0.028496802,0.009244561,0.0014360322,0.12350497,0.875059
251,0.013323132,0.0064453483,-0.0013750065,0.07284403,0.028982341,0.009462655,0.0014818832,0.124721944,0.8737961
252,0.013177697,0.0055588484,-0.0019394029,0.07212305,0.028588414,0.009298742,0.0014468167,0.123813875,0.8747393
253,0.014195416,0.0035891533,-0.003035592,0.07123804,0.028101563,0.009084284,0.0014010422,0.12254023,0.87605876
254,0.0130865015,0.0035389662,-0.003074931,0.070438445,0.02769947,0.008915484,0.0013669726,0.12166628,0.8769668
255,0.011260275,0.0065939426,-0.0012783278,0.072248876,0.0286839,0.009362757,0.0014613373,0.12429118,0.87424743
256,0.014278937,0.0049476624,-0.002020644,0.07350385,0.02930212,0.009629786,0.0015147652,0.12551855,0.87296677
257,0.0143565275,0.005532801,-0.0015293825,0.07432181,0.029753089,0.009828627,0.001557515,0.12659134,0.87185115
258,0.015172202,0.006071508,-0.0011219848,0.075614214,0.030443251,0.010130763,0.0016218148,0.12812924,0.8702489
259,0.01654305,0.004973352,-0.001696514,0.07549548,0.030365288,0.010081589,0.0016105245,0.12778084,0.87060857
260,0.015608821,0.00597924,-0.0011679996,0.07542497,0.03035152,0.010071278,0.0016097396,0.12780876,0.8705815
261,0.013249446,0.008060098,-0.00010548718,0.07551509,0.030430555,0.010122418,0.0016224796,0.12824425,0.8701333
262,0.015240122,0.006377518,-0.0010183323,0.07559186,0.030430138,0.010117292,0.0016191193,0.1280612,0.8703196
263,0.013099585,0.008885682,0.00042243116,0.07653308,0.030976236,0.010379195,0.0016776307,0.12957779,0.86874455
264,0.014488567,0.007934749,-7.0082024e-05,0.07712966,0.031264484,0.010513306,0.0017046451,0.13014135,0.868154
265,0.014292989,0.007114172,-0.00048475154,0.07645124,0.030899227,0.010355949,0.0016704127,0.12934451,0.86898506
266,0.013712171,0.00813365,0.00016917102,0.077421844,0.031436026,0.010610402,0.0017260383,0.1306793,0.86759466
267,0.016833697,0.0057584643,-0.0010130871,0.07785761,0.031626582,0.01067996,0.0017384341,0.1307968,0.8674648
268,0.0151802935,0.007782817,0.00020624511,0.0785017,0.032025337,0.010864258,0.0017814115,0.13186356,0.866355
269,0.016880412,0.00762105,0.00016595237,0.07976842,0.03269255,0.011156738,0.0018444798,0.13317989,0.86497563
270,0.016516078,0.008703142,0.00080115907,0.08038473,0.03304887,0.011314988,0.0018807395,0.13399298,0.8641263
271,0.01983108,0.0051620603,-0.0012178291,0.07893431,0.032201648,0.010890901,0.0017842769,0.13167457,0.86654115
272,0.018591587,0.0062256455,-0.00074158795,0.07794517,0.031705856,0.010644197,0.0017331643,0.13057078,0.86769605
273,0.01590966,0.0071388483,-0.0005677808,0.07575935,0.030554116,0.010128915,0.0016238119,0.12813023,0.87024593
274,0.015417997,0.0064966083,-0.0011812318,0.074216664,0.029712975,0.009755015,0.0015436216,0.12618235,0.87227404
275,0.010510523,0.009664118,0.00036318414,0.073406994,0.029334962,0.00962472,0.0015190226,0.12581965,0.87266135
276,0.014034662,0.0049111247,-0.002357291,0.07209355,0.028549552,0.009279549,0.0014417318,0.12363897,0.8749193
277,0.013164286,0.0054661036,-0.001930939,0.07218832,0.028623462,0.009318292,0.001450861,0.12392251,0.87462664
278,0.014533002,0.0030642748,-0.0033114422,0.07118428,0.028065383,0.009070754,0.0013977287,0.122433625,0.87616867
279,0.015260253,0.0020221472,-0.0038476456,0.070663035,0.027792096,0.008941114,0.001370932,0.1216639,0.8769652
280,0.010822613,0.0055470467,-0.0019536484,0.07058573,0.027818084,0.008975804,0.0013814686,0.12217428,0.8764442
281,0.011621658,0.0070350766,-0.0009766687,0.07317251,0.029166043,0.009579539,0.0015064323,0.12544216,0.8730514
282,0.014543373,0.006165564,-0.0011745561,0.07515949,0.030191481,0.010028422,0.0015996452,0.12762715,0.87077326
283,0.017439384,0.00416559,-0.0021329392,0.07551885,0.030356169,0.0100777745,0.0016085593,0.1276892,0.8707022
284,0.015570585,0.0064558387,-0.0008616913,0.07593942,0.030631661,0.010197878,0.001637088,0.12847361,0.8698893
285,0.012125779,0.008045018,-0.00018750317,0.07476735,0.030035853,0.009958923,0.0015877265,0.1274539,0.8709584
286,0.014359314,0.0068757534,-0.00074778683,0.07583231,0.030561805,0.01019454,0.0016356314,0.12850814,0.86985624
287,0.014300633,0.0070945024,-0.0004891623,0.076247275,0.030795455,0.010303199,0.0016594422,0.12908219,0.8692584
288,0.013817091,0.008672357,0.00049562566,0.077800155,0.031648517,0.010699034,0.0017459313,0.13113296,0.86712116
289,0.018632118,0.005811274,-0.00093643554,0.079018414,0.03224069,0.010936081,0.0017937515,0.13195904,0.8662472
290,0.019005332,0.004256904,-0.001851188,0.07701999,0.031171143,0.010424197,0.0016831948,0.12938745,0.8689293
291,0.014932577,0.0066352487,-0.0007731188,0.07535696,0.030342042,0.010060787,0.0016089161,0.12781918,0.8705719
292,0.012970958,0.00844115,8.667819e-05,0.07545936,0.030410051,0.010108769,0.0016201419,0.12820078,0.87017906
293,0.017667744,0.0054468513,-0.0014862288,0.07625008,0.030757368,0.010237575,0.0016436928,0.12852553,0.8698308
294,0.014400575,0.0081038475,-6.8055466e-05,0.07588798,0.030626178,0.0101879835,0.0016366491,0.12852722,0.8698361
295,0.013442162,0.007381499,-0.0006717909,0.07445598,0.029845774,0.009854376,0.0015646468,0.12681665,0.8716187
296,0.010768194,0.009306014,0.00036068074,0.074739754,0.030022442,0.009966314,0.0015896884,0.12758051,0.8708298
297,0.014007155,0.006030977,-0.0013487805,0.07489663,0.030039132,0.009975374,0.001587599,0.12736155,0.87105083
298,0.01828057,0.0011249185,-0.0038892496,0.07355261,0.029276311,0.009603202,0.0015060104,0.12508634,0.87340766
299,0.014665831,0.0056140423,-0.0013136733,0.07461804,0.029936671,0.009896457,0.0015730957,0.12695539,0.8714715
300,0.01392797,0.008256853,0.00011040084,0.07666856,0.031045198,0.0104010105,0.0016819298,0.12962958,0.8686884
301,0.014741365,0.007765949,-0.00013111718,0.07699156,0.031198919,0.0104727745,0.0016963488,0.12992962,0.86837405
302,0.018181566,0.0038242936,-0.0022832025,0.07563543,0.030416429,0.010093749,0.0016118624,0.12772833,0.8706598
303,0.018310133,0.00482136,-0.0016927589,0.07596171,0.030620754,0.010157943,0.00162748,0.12809506,0.87027746
304,0.016154934,0.005936384,-0.0013528932,0.0745005,0.02986598,0.009818494,0.0015569414,0.12647445,0.87196857
305,0.015183587,0.005624175,-0.0018120278,0.072891474,0.029003978,0.009439051,0.0014768664,0.124489024,0.8740341
306,0.012471054,0.005261004,-0.0023051966,0.07022965,0.027615368,0.008851707,0.001355765,0.12138649,0.87725776
307,0.01360986,0.0031077266,-0.00359671,0.069135725,0.027011096,0.0085911155,0.0013008472,0.11979189,0.87890726
308,0.011019919,0.0066634417,-0.001553582,0.07062036,0.027830362,0.008961558,0.001378952,0.12210156,0.8765195
309,0.014374349,0.0027368069,-0.003784107,0.06986296,0.027364552,0.008753598,0.0013325703,0.12065253,0.8780149
310,0.0128172375,0.0024361014,-0.00397818,0.06849182,0.026676476,0.008464038,0.001274785,0.11908315,0.87964207
311,0.0128447,0.0014330745,-0.004584359,0.06772214,0.026272416,0.008293331,0.0012399821,0.118063815,0.8806962
312,0.013963897,0.001717329,-0.004280852,0.06876427,0.026810527,0.008513927,0.0012844243,0.119301744,0.87941384
313,0.011942778,0.0048816204,-0.0024438966,0.07014042,0.027567983,0.008848906,0.0013548419,0.121387996,0.8772572
314,0.011114482,0.0064288974,-0.0015545357,0.07135111,0.028205752,0.009143531,0.0014157527,0.12309231,0.8754919
315,0.0141915865,0.004503846,-0.0024417508,0.07234788,0.028685808,0.009347022,0.0014555879,0.12399425,0.87455016
316,0.014948446,0.0035750866,-0.002866434,0.07213247,0.028571665,0.009289801,0.0014434858,0.12363405,0.87492245
317,0.012562234,0.0064632297,-0.0012279619,0.07312906,0.029144287,0.009554446,0.0015012298,0.12525749,0.87324125
318,0.012885857,0.0055282116,-0.0017668474,0.07286453,0.028983891,0.009493887,0.0014872912,0.124883525,0.87362915
319,0.015350539,0.0046219826,-0.0020657647,0.07417619,0.029656231,0.009779334,0.0015460516,0.12625246,0.8722015
320,0.014717583,0.005758524,-0.0013394821,0.07475644,0.029991925,0.009927034,0.0015787806,0.12709843,0.8713228
321,0.013193671,0.008005202,-6.233342e-05,0.075906515,0.030635,0.010227859,0.0016445967,0.12878308,0.86957234
322,0.015445221,0.0072590113,-0.00037561543,0.07730222,0.031349957,0.010544121,0.0017107968,0.13023177,0.8680575
323,0.017294887,0.0053552985,-0.0013748277,0.07678193,0.031048357,0.010389686,0.0016761714,0.12931783,0.86900604
324,0.013927702,0.0074879527,-0.00027691014,0.075939775,0.030653715,0.010225892,0.0016441577,0.12873088,0.869625
325,0.015580494,0.0066555142,-0.0007409323,0.07651079,0.03092724,0.010342777,0.0016675356,0.12920362,0.8691288
326,0.017777774,0.005337417,-0.0014084447,0.0767107,0.031012118,0.010357499,0.0016695531,0.12913375,0.8691967
327,0.01507299,0.0067954063,-0.0007395018,0.07548362,0.030398428,0.010087132,0.0016141296,0.12794335,0.87044257
328,0.012898687,0.008182526,-0.00011740811,0.075077176,0.03019756,0.010016084,0.0015999739,0.12771504,0.87068504
329,0.011615757,0.009919167,0.00086529367,0.07629806,0.030858457,0.01033932,0.0016696352,0.12946965,0.8688607
330,0.016322214,0.005824387,-0.0012652744,0.0765751,0.030923665,0.010353208,0.0016677163,0.12917599,0.8691563
331,0.012053955,0.008756936,0.00041957013,0.076308906,0.030861199,0.010353088,0.0016718938,0.12949851,0.8688296
332,0.016326863,0.005409479,-0.0013381708,0.07692331,0.031115472,0.010452688,0.0016889075,0.12967306,0.86863804
333,0.019613896,0.0035725236,-0.0021586884,0.07745218,0.031383216,0.010533214,0.001705319,0.12987606,0.86841863
334,0.011417437,0.010463595,0.0015013944,0.077329755,0.03146118,0.010609984,0.0017301979,0.13088942,0.8673804
335,0.016968716,0.0063732862,-0.0007485617,0.078050494,0.031735063,0.010714591,0.0017465049,0.13097371,0.8672798
336,0.017328758,0.007456422,3.440492e-05,0.079179406,0.03237605,0.01098907,0.0018082458,0.13235143,0.8658403
337,0.020090956,0.004941404,-0.0014598835,0.07816309,0.031783104,0.01068151,0.0017389558,0.13062768,0.86763334
338,0.010962252,0.011989415,0.0021658074,0.0772478,0.031434,0.010572374,0.0017237221,0.13076489,0.8675114
339,0.014271397,0.007488847,-0.0005242098,0.07587814,0.030584693,0.010196805,0.001636363,0.1285319,0.8698317
340,0.011536825,0.010514855,0.0013004076,0.07725984,0.031380057,0.0105858445,0.0017230392,0.13073035,0.86754656
341,0.015941296,0.0051918626,-0.0015685428,0.07610345,0.030668795,0.010252714,0.0016457567,0.1286725,0.8696817
342,0.014075641,0.0074610114,-0.000136422,0.07710749,0.031265497,0.010530651,0.0017085965,0.13025385,0.8680375
343,0.016837273,0.007351756,-4.8564747e-05,0.0795812,0.032575846,0.0111115575,0.0018336853,0.13294657,0.8652197
344,0.019336585,0.003047824,-0.00247805,0.07678014,0.031021714,0.010373533,0.0016707585,0.12907675,0.8692525
345,0.015625183,0.007150173,-0.00022141822,0.077153206,0.031312585,0.010504067,0.0017042417,0.13005747,0.86823833
346,0.018395666,0.005343437,-0.0013371576,0.077026844,0.031191528,0.010422766,0.0016841065,0.12943971,0.8688762
347,0.011023108,0.013992012,0.0033727419,0.079547584,0.03269428,0.011150122,0.0018511744,0.13364658,0.8645023
348,0.0148263015,0.008551538,0.0001804959,0.077626705,0.031523585,0.010622501,0.0017281626,0.13067281,0.86759907
349,0.015840236,0.007255733,-0.00038616545,0.07734656,0.03136784,0.010545909,0.0017110881,0.13022105,0.8680678
350,0.017524052,0.0034685135,-0.0025824178,0.074713886,0.029923141,0.009879649,0.0015662427,0.12664223,0.8717915
351,0.013953779,0.006764412,-0.0008230675,0.07481003,0.030042827,0.009943187,0.0015835152,0.12725216,0.8711644
352,0.015739668,0.0041946173,-0.0023556221,0.07361925,0.029364228,0.009633362,0.0015155481,0.12545662,0.8730278
353,0.016875241,0.003000319,-0.0030058492,0.07293248,0.028994024,0.009451389,0.0014771295,0.12440932,0.87411356
354,0.017472569,0.0038534403,-0.002516972,0.07346177,0.029287875,0.009555876,0.0015000983,0.1249688,0.8735311
355,0.012678999,0.0072849393,-0.0009014476,0.072452486,0.02881378,0.009367406,0.0014640888,0.12428426,0.87425166
356,0.012634087,0.008285403,-0.0004559029,0.07352841,0.029361606,0.009621322,0.0015164461,0.12564506,0.8728385
357,0.015000228,0.002557993,-0.0038189758,0.070062816,0.027468562,0.008791029,0.0013402282,0.120834455,0.8778254
358,0.010282982,0.005731046,-0.0020930637,0.06956756,0.027281165,0.008735716,0.0013323872,0.12084915,0.87781847
359,0.013009388,0.0031029582,-0.0035417546,0.069698036,0.027292192,0.008740723,0.0013303566,0.12065807,0.8780116
360,0.014461104,0.0028489232,-0.0034680236,0.07071543,0.027822137,0.008960485,0.0013751979,0.12182452,0.8768003
361,0.011667494,0.0045559406,-0.0025596488,0.070326924,0.027659357,0.008906245,0.0013659921,0.12171022,0.87692374
362,0.010579515,0.0065746307,-0.0013213623,0.07193756,0.028519034,0.00930202,0.0014485416,0.123991154,0.87456024
363,0.011143375,0.008171797,-0.00015096553,0.07482129,0.030046582,0.0099980235,0.0015949645,0.12769273,0.87071234
364,0.011503015,0.010450125,0.0014430415,0.078600705,0.032088816,0.0109478235,0.0018004662,0.13250537,0.8656941
365,0.01685341,0.006287992,-0.00055144913,0.079708636,0.032611728,0.011168003,0.0018437068,0.13317521,0.86498106
366,0.019566078,0.0041812956,-0.0014900435,0.079708695,0.032607257,0.011128187,0.0018343874,0.13281138,0.86535424
367,0.014090259,0.011227787,0.0024255645,0.08226526,0.03413868,0.011860073,0.0020050278,0.13676253,0.86123246
368,0.018351842,0.0076136887,0.00040729158,0.08212286,0.033966124,0.011756301,0.0019762306,0.13592835,0.8620954
369,0.021214504,0.005977124,-0.00036935695,0.08209258,0.033936143,0.011692822,0.0019615188,0.13545685,0.8625816
370,0.017597113,0.010160118,0.0017871391,0.082353115,0.0341658,0.011793673,0.001989798,0.13624635,0.86176383
371,0.0181305,0.009189844,0.0009685289,0.08095348,0.033359468,0.011408269,0.001902108,0.1343629,0.86373496
372,0.01966386,0.0058943033,-0.0010926593,0.07777023,0.031585097,0.010571301,0.0017163819,0.13012844,0.8681551
373,0.013952408,0.008308828,-0.00014864095,0.07465488,0.02998364,0.009876013,0.001571328,0.12694882,0.87147987
374,0.010514606,0.008320689,-0.0005152691,0.07204318,0.028597355,0.009301245,0.0014503007,0.12403937,0.8745103
375,0.013179649,0.0054106712,-0.0021022428,0.071888566,0.028453052,0.009242237,0.001434572,0.1234933,0.8750722
376,0.012754742,0.0064683557,-0.0013649333,0.07299286,0.029052079,0.009514272,0.0014920437,0.12501763,0.87349033
377,0.0147429,0.0021526217,-0.0038181413,0.07073897,0.027820826,0.008970141,0.0013762977,0.121841595,0.8767822
378,0.013758678,0.003115654,-0.0031847227,0.07090151,0.02793765,0.009020448,0.0013881739,0.1222105,0.87640125
379,0.014573414,0.0042467713,-0.002449261,0.07260585,0.028836012,0.009406149,0.0014683764,0.12430191,0.87422967
380,0.015926633,0.0029463768,-0.003140496,0.07219088,0.028603494,0.0092897415,0.0014434424,0.12357775,0.8749788
381,0.013878349,0.005396664,-0.0017779935,0.072622955,0.028874755,0.009411454,0.0014712705,0.124411345,0.8741174
382,0.013041411,0.0082835555,-0.0001571048,0.07484472,0.030069232,0.009949744,0.0015858636,0.12736194,0.8710522
383,0.013374511,0.007717371,-0.00048749335,0.07486689,0.030059695,0.009956121,0.0015860153,0.12735239,0.8710616
384,0.013798717,0.0058481097,-0.0015432704,0.07371557,0.029426157,0.009681642,0.0015264988,0.12584282,0.87263066
385,0.014240462,0.0054636598,-0.0016683806,0.073952675,0.02955079,0.009737313,0.0015380082,0.12610905,0.87235296
386,0.01701023,0.0024169683,-0.0033128727,0.07312125,0.02907306,0.009504616,0.0014869615,0.12466044,0.87385255
387,0.013556171,0.006254852,-0.0011715163,0.073851645,0.029533327,0.009716809,0.0015355748,0.1260761,0.87238836
388,0.018023554,0.0024614334,-0.003300475,0.073435426,0.029237986,0.009556115,0.0014978984,0.12488683,0.8736152
389,0.01488303,0.0052049756,-0.0018241275,0.072963774,0.02905494,0.009475052,0.0014846567,0.12470495,0.8738104
390,0.015207056,0.0056651235,-0.001697408,0.07329792,0.029218614,0.009541333,0.001498159,0.12503868,0.87346315
391,0.012365941,0.0076484084,-0.00074307807,0.07285917,0.029016197,0.009471118,0.0014851537,0.12485319,0.87366164
392,0.013404537,0.0054769516,-0.0020599235,0.07183331,0.02843237,0.009221613,0.0014307799,0.1233781,0.8751911
393,0.011647556,0.005951822,-0.0018211473,0.07127327,0.028154671,0.009118855,0.0014101686,0.12291712,0.8756727
394,0.016584624,0.00092357397,-0.0045357216,0.07052404,0.027686477,0.008891344,0.0013592053,0.12127975,0.87736106
395,0.014476392,0.0020101666,-0.0039417613,0.06959438,0.02725029,0.0086996555,0.0013224541,0.12035591,0.8783217
396,0.0147685595,0.0027785897,-0.0035434235,0.07021153,0.027574182,0.0088300705,0.00134936,0.12109123,0.8775594
397,0.012016196,0.004192531,-0.0029043425,0.06928623,0.027121961,0.008648932,0.0013139753,0.12023896,0.87844706
398,0.012103397,0.005936563,-0.0018464196,0.07116312,0.028101921,0.009080291,0.0014025784,0.122686505,0.87591094
399,0.015156049,0.0032287836,-0.0032829512,0.07109791,0.028018832,0.009031892,0.0013900157,0.12219412,0.87641585
400,0.0131130405,0.0051966906,-0.0021611322,0.07131308,0.028173149,0.009105384,0.0014073289,0.122763194,0.87582946
401,0.012679193,0.0044770837,-0.002693938,0.07051039,0.027739465,0.008927047,0.0013697761,0.12176524,0.876865
402,0.012862299,0.004136741,-0.0028337706,0.07059407,0.027778566,0.008948863,0.0013738993,0.12186937,0.8767568
403,0.012396667,0.0035953522,-0.003120767,0.07002878,0.027485013,0.00883019,0.0013494468,0.12121836,0.87743217
404,0.016455729,0.0018675327,-0.003840195,0.07152861,0.028231502,0.009128451,0.0014088398,0.12263343,0.8759578
405,0.013689268,0.0049601793,-0.0020876992,0.072025,0.0285545,0.009273052,0.0014421422,0.123657785,0.87490004
406,0.01604307,0.003643036,-0.0028585661,0.07241458,0.028720558,0.009330213,0.001452135,0.1238016,0.8747462
407,0.013909284,0.0048781037,-0.0022570956,0.07160509,0.02832836,0.009163082,0.0014192843,0.12303928,0.87554145
408,0.013212699,0.0046506524,-0.0025217999,0.07079393,0.027897,0.008982182,0.0013816684,0.122061096,0.87655723
409,0.012327243,0.0062473416,-0.0016009677,0.07177186,0.028422773,0.009221613,0.0014318948,0.12346063,0.87510747
410,0.013614956,0.0047333837,-0.0024288166,0.07160747,0.028306842,0.00917244,0.001420049,0.1230813,0.87549865
411,0.011768166,0.0059888363,-0.0017141569,0.07169765,0.02837962,0.009221315,0.0014313566,0.12347643,0.87509227
412,0.011059988,0.0066843033,-0.0012534726,0.07246071,0.028784275,0.009419501,0.001472577,0.12459908,0.8739283
413,0.014080036,0.0040424466,-0.0025337804,0.07293844,0.028990567,0.009506583,0.0014880266,0.124844596,0.87366736
414,0.01566616,0.0045178533,-0.001975881,0.07484615,0.030013204,0.00994581,0.0015810882,0.12710778,0.8713111
415,0.017140914,0.0034642816,-0.0024971832,0.07474935,0.029955268,0.009899378,0.001570858,0.1267728,0.87165636
416,0.01138616,0.010246396,0.0012663137,0.076788604,0.031157672,0.010470688,0.0016995482,0.1301795,0.86812097
417,0.01524787,0.0078070164,-4.1710213e-05,0.078007996,0.031731248,0.010726452,0.0017503101,0.13115637,0.8670934
418,0.01516116,0.0084786415,0.00049926154,0.078831196,0.03219658,0.0109398365,0.0017979038,0.13224156,0.86596054
419,0.015697975,0.008058369,0.0002998244,0.07899141,0.032275796,0.010974646,0.001805,0.13237068,0.8658243
420,0.01727954,0.0072451234,-9.4996765e-05,0.07944721,0.032506764,0.011065125,0.0018238737,0.13270405,0.8654721
421,0.015295435,0.008532405,0.0005536806,0.07892507,0.03225869,0.01095891,0.0018026293,0.13233517,0.8658622
422,0.015782196,0.0071843266,-0.000275122,0.07790905,0.03168559,0.010697186,0.0017441682,0.13098209,0.86727375
423,0.018621746,0.0049313903,-0.001442181,0.07760793,0.031490743,0.010578334,0.0017166368,0.13019225,0.86809117
424,0.016842265,0.0068009496,-0.00048218854,0.0773406,0.03139192,0.010524511,0.0017078066,0.1300786,0.86821353
425,0.017686594,0.006918907,-0.00054542907,0.0775277,0.031478465,0.010545194,0.0017118779,0.130129,0.8681591
426,0.015796084,0.0058947206,-0.0014147032,0.07424784,0.029727638,0.009764314,0.0015452692,0.12620313,0.87225163
427,0.0084651,0.011768281,0.0015955102,0.0742864,0.02983743,0.009868622,0.0015723759,0.1272681,0.87115955
428,0.014632154,0.005650699,-0.0017642844,0.07402295,0.029561102,0.009739518,0.0015374393,0.12608042,0.87238216
429,0.013050858,0.0063750744,-0.0011914838,0.07382941,0.029499233,0.0097231865,0.001535881,0.12612061,0.87234354
430,0.013994966,0.005931914,-0.0013713706,0.07459754,0.029892683,0.009900868,0.0015724541,0.12698442,0.8714431
431,0.01587895,0.0037522316,-0.0024869312,0.0741294,0.029621184,0.009768128,0.001542899,0.12614486,0.87231225
432,0.013636041,0.0058437586,-0.001281904,0.07438707,0.029806912,0.0098593235,0.001564754,0.12680507,0.8716302
433,0.013582233,0.007884681,-3.437884e-05,0.076664686,0.031035304,0.01041764,0.0016847968,0.12971854,0.8685967
434,0.015264932,0.007600546,-1.6378239e-05,0.07804984,0.031765223,0.010743737,0.0017545144,0.13125062,0.86699486
435,0.014827747,0.009626985,0.0012233388,0.0800488,0.03287393,0.01125735,0.0018685446,0.13382477,0.8643067
436,0.01622254,0.009700984,0.0013482105,0.08161771,0.03371477,0.01164192,0.0019529123,0.13556208,0.86248505
437,0.016645689,0.0070137978,-0.00019984134,0.07907629,0.032307148,0.010989189,0.0018070799,0.13236439,0.8658285
438,0.019489843,0.005160749,-0.0011644233,0.07916027,0.03232479,0.010961652,0.0017995238,0.13203634,0.8661641
439,0.013857026,0.009804368,0.0012682211,0.07870865,0.03218335,0.010919988,0.001796542,0.1322718,0.86593163
440,0.014552314,0.00942713,0.0009693038,0.0790686,0.03234178,0.011001825,0.0018125195,0.13259868,0.8655888
441,0.020001117,0.005357027,-0.0011523832,0.07925415,0.032361984,0.010967672,0.0018004864,0.13203445,0.8661651
442,0.019872565,0.00445199,-0.0017490257,0.07709777,0.03121996,0.010417402,0.0016824994,0.12932323,0.86899424
443,0.014493618,0.0077078342,-0.00032417662,0.07502735,0.0301826,0.0099684,0.0015906479,0.12739454,0.87101483
444,0.012781415,0.008437693,-0.00019537099,0.074246466,0.029756188,0.009798884,0.0015543398,0.12659025,0.8718554
445,0.010230605,0.009361386,0.0001983773,0.07361472,0.02942717,0.0096895695,0.0015315023,0.12615533,0.87231314
446,0.013222162,0.006098926,-0.0014855731,0.07359612,0.029354274,0.009661853,0.0015219571,0.12576206,0.872716
447,0.013881195,0.005479753,-0.0016286243,0.07400578,0.02957505,0.009761453,0.0015428116,0.12625249,0.87220466
448,0.015082169,0.0060106516,-0.0011696685,0.07583642,0.030550778,0.010191441,0.0016340774,0.12843317,0.8699328
449,0.018460203,0.001652956,-0.0035846103,0.07405734,0.029552937,0.009716392,0.001530303,0.12569019,0.87277955
450,0.01163717,0.0069678426,-0.0007167328,0.0734908,0.029372394,0.009664178,0.001525783,0.1259251,0.8725491
451,0.018661458,0.0031377673,-0.0027153362,0.07528019,0.030216932,0.009999096,0.0015911296,0.12719381,0.8712151
452,0.017042983,0.0065656304,-0.00069670565,0.076630116,0.031009376,0.010336816,0.0016675692,0.12912138,0.869211
453,0.014108617,0.008828342,0.00028379075,0.07604051,0.03072071,0.010221541,0.0016446741,0.12873252,0.8696228
454,0.013506535,0.008443236,-9.869225e-05,0.07521117,0.030256271,0.010028422,0.0016023191,0.1277435,0.8706542
455,0.016902883,0.00302428,-0.0032006372,0.07256901,0.028779268,0.009357691,0.0014567641,0.12388396,0.8746593
456,0.014860693,0.0036069155,-0.0029756892,0.071143985,0.028067589,0.009045541,0.0013939816,0.12231136,0.8762946
457,0.0148119815,0.002621889,-0.003680395,0.06985474,0.027385652,0.008744836,0.00133194,0.1206052,0.8780629
458,0.011282254,0.004934609,-0.0025613774,0.06924069,0.027105808,0.008643687,0.0013133981,0.12026037,0.87842625
459,0.012026627,0.0058535337,-0.0019794572,0.07098228,0.027998745,0.009037495,0.0013933692,0.12244267,0.8761639
460,0.015548427,0.0004671812,-0.0049889553,0.06879234,0.026793659,0.008502603,0.0012806653,0.11911945,0.8795999
461,0.011837054,0.005206108,-0.002239572,0.07023907,0.02762574,0.008871675,0.0013598937,0.121533744,0.8771063
462,0.012472305,0.0051760674,-0.0023022164,0.07101184,0.02800554,0.009044468,0.0013941905,0.12244189,0.8761639
463,0.009911243,0.006859362,-0.0013337005,0.0711962,0.028131127,0.009128034,0.0014127605,0.12307493,0.8755123
464,0.01216558,0.004594326,-0.0024679173,0.071575284,0.028283894,0.0092023015,0.0014254234,0.12330082,0.87527376
465,0.016517822,0.002732575,-0.0030935276,0.073542476,0.02929169,0.009619534,0.001510706,0.1252992,0.8731901
466,0.01630548,0.0038949251,-0.0023214687,0.074220836,0.02968669,0.009779334,0.0015462564,0.12620321,0.87225056
467,0.015873048,0.0055196285,-0.0014523733,0.075116515,0.03018266,0.009991407,0.0015924609,0.12737022,0.87103724
468,0.01219267,0.008505166,8.918159e-05,0.07502198,0.030181766,0.010015368,0.0016004115,0.12776078,0.8706388
469,0.021754209,-0.0004014969,-0.004807221,0.07359451,0.029265761,0.009547234,0.0014930874,0.124573156,0.8739338
470,0.0155862905,0.006118059,-0.0012062658,0.07385731,0.02954936,0.009669125,0.0015267703,0.12574326,0.87272996
471,0.012252022,0.008088052,-0.0005461443,0.072769105,0.028981566,0.009442925,0.0014800485,0.12472261,0.8737973
472,0.014161516,0.005464971,-0.0021313895,0.071840346,0.028432548,0.009203672,0.0014271244,0.12324104,0.8753319
473,0.0112842955,0.005468607,-0.0022807587,0.069818735,0.0273965,0.008776426,0.0013400968,0.12101608,0.8776439
474,0.011855964,0.0037692785,-0.0032595862,0.06915915,0.027026653,0.008627236,0.001308126,0.1200893,0.87860256
475,0.013471831,0.0030602813,-0.0034526456,0.07004398,0.027475655,0.008816481,0.0013459679,0.12107059,0.87758344
476,0.0126946755,0.004153788,-0.0027835239,0.070720375,0.027846694,0.00898397,0.0013811104,0.12207475,0.8765441
477,0.015188057,0.0022332072,-0.0037471522,0.07093823,0.027930439,0.009006739,0.0013841381,0.12202968,0.8765862
478,0.013681266,0.0019256473,-0.0039583314,0.06935817,0.027131855,0.00866276,0.0013149426,0.12018353,0.87850153
479,0.0140476115,0.0056999326,-0.0016437043,0.0731017,0.02911961,0.009521544,0.0014939399,0.12499103,0.87351507
480,0.012270842,0.007918239,-0.00042192824,0.07399434,0.029616356,0.009758115,0.0015451103,0.12638818,0.87206674
481,0.014064778,0.005731046,-0.0016277898,0.07363802,0.029383123,0.0096565485,0.0015211898,0.12569357,0.8727853
482,0.018487696,0.0021631718,-0.0034677852,0.07351458,0.02926606,0.009569943,0.0015001643,0.1249255,0.8735744
483,0.013793949,0.005315125,-0.0018539894,0.07233435,0.028725564,0.009342194,0.0014569993,0.12404189,0.8745011
484,0.013376851,0.0053122044,-0.0020322073,0.071970105,0.028518558,0.009259045,0.0014389969,0.12359122,0.8749698
485,0.011394102,0.007359326,-0.0008805264,0.072644114,0.028898418,0.0094463825,0.001479386,0.1247553,0.8737653
486,0.012153659,0.0065790415,-0.0012455452,0.07308394,0.029105902,0.009551346,0.001499887,0.12524961,0.87325054
487,0.014587436,0.005599141,-0.0015445221,0.07453829,0.02985394,0.009876549,0.0015670424,0.12682076,0.87161225
488,0.016163487,0.0046997666,-0.0019125808,0.07500368,0.030094028,0.009969711,0.0015862389,0.12720947,0.87120426
489,0.014258552,0.0064703226,-0.00095443614,0.0751726,0.030222058,0.010033548,0.0016018507,0.12768908,0.87070906
490,0.016708199,0.0034594536,-0.0026541222,0.074056685,0.029583037,0.009732187,0.0015354708,0.12591138,0.8725531
491,0.01563472,0.004408419,-0.0021156538,0.07369977,0.029426336,0.009655297,0.0015211278,0.12560154,0.87287736
492,0.014348019,0.007866383,-0.00017510541,0.07583511,0.030599415,0.010179162,0.001634652,0.12847894,0.86988646
493,0.011915941,0.010134995,0.0009935629,0.07633859,0.030890763,0.01033783,0.0016700361,0.12946036,0.86886966
494,0.014024217,0.00840646,9.091012e-05,0.076914966,0.031148672,0.010460854,0.0016935375,0.12990853,0.86839795
495,0.014364306,0.0070358515,-0.0006013382,0.076229334,0.030771554,0.010296762,0.0016573801,0.12903301,0.8693096
496,0.015697736,0.005178094,-0.0015628207,0.07567376,0.030456364,0.01014781,0.0016242051,0.12816145,0.87021434
497,0.017534588,0.0036952496,-0.0023135412,0.07549137,0.030346453,0.010075986,0.0016081227,0.12766908,0.87072283
498,0.013831619,0.007840514,-3.6107376e-05,0.07634246,0.03087908,0.01032716,0.0016663225,0.12926288,0.86907077
499,0.016272638,0.0056565404,-0.0012873281,0.07608539,0.030688643,0.010229826,0.0016426068,0.1285698,0.8697876
500,0.015312005,0.007760823,-3.2650307e-05,0.07719904,0.031322896,0.010513246,0.0017058334,0.13011856,0.8681756
501,0.014405984,0.009293497,0.00076515786,0.07801926,0.031775475,0.010727525,0.0017530624,0.13126223,0.8669847
502,0.01800694,0.005715847,-0.0012284387,0.0772419,0.031288385,0.010483086,0.0016962452,0.12975375,0.86855
